group_name,date,user_id,original_text,ioc_type,ioc_value,source
Unknown,2024-04-23 03:18:14,,https://www..nist.gov/itl/applied-cybersecurity/nice/resources/online-learning-content,URL (Dirty),https://www..nist.gov/itl/applied-cybersecurity/nice/resources/online-learning-content,regex-greedy
Unknown,2024-04-25 13:07:35,,"EN: ( ðŸ‡ºðŸ‡¸ )
ðŸƒ Target | https://happytiger.co.uk
ðŸ’– Method | HTTP-NEMESIS
ðŸ› Concurrents | 1
â¤ï¸ Check-Host Report

CN: ( ðŸ‡¨ðŸ‡³ )
ðŸƒ ç›®æ¨™ | https://happytiger.co.uk
ðŸ’– æ–¹æ³• | HTTP-NEMESIS
ðŸ› ä¸¦ç™¼æ•¸ | 1
â¤ï¸ è¯æ˜Ž
_____________________________

ðŸ’²  Auto Payments
ðŸ’–  Main Channel
â¤  Chat",URL (Dirty),https://happytiger.co.uk,regex-greedy
Unknown,2024-04-18 04:40:31,,"EN: ( ðŸ‡ºðŸ‡¸ )
ðŸƒ Target | https://zen.com
ðŸ’– Method | HTTP-BROWSER
ðŸ› Concurrents | 3
â¤ï¸ Check-Host Report

CN: ( ðŸ‡¨ðŸ‡³ )
ðŸƒ ç›®æ¨™ | https://zen.com
ðŸ’– æ–¹æ³• | HTTP-BROWSER
ðŸ› ä¸¦ç™¼æ•¸ | 3
â¤ï¸ è¯æ˜Ž
_____________________________

ðŸ’²  Auto Payments
ðŸ’–  Main Channel
â¤  Chat",URL (Dirty),https://zen.com,regex-greedy
Unknown,2024-04-16 20:40:41,,"EN: ( ðŸ‡ºðŸ‡¸ )
ðŸƒ Target | 51.75.16.245 (DSTAT)
ðŸ’– Method | DNS
ðŸ› Concurrents | 10
âš¡ï¸ 130 Gbps

CN: ( ðŸ‡¨ðŸ‡³ )
ðŸƒ ç›®æ¨™ | 51.75.16.245 (DSTAT)
ðŸ’– æ–¹æ³• | DNS
ðŸ› ä¸¦ç™¼æ•¸ | 10
âš¡ï¸ 130 Gbps
_____________________________

ðŸ’²  Auto Payments (Coupon Code: NEO15) â˜„ï¸
ðŸ’–  Main Channel
â¤  Chat",IPv4 (Loose),51.75.16.245,regex-loose
Unknown,2024-04-16 15:20:22,,"EN: ( ðŸ‡ºðŸ‡¸ )
ðŸƒ Target | https://vpswala.org/
ðŸ’– Method | HTTP-NEMESIS
ðŸ› Concurrents | 1
â¤ï¸ Check-Host Report

CN: ( ðŸ‡¨ðŸ‡³ )
ðŸƒ ç›®æ¨™ | https://vpswala.org/
ðŸ’– æ–¹æ³• | HTTP-NEMESIS
ðŸ› ä¸¦ç™¼æ•¸ | 1
â¤ï¸ è¯æ˜Ž
_____________________________

ðŸ’²  Auto Payments
ðŸ’–  Main Channel
â¤  Chat",URL (Dirty),https://vpswala.org/,regex-greedy
Unknown,2024-03-08 14:00:03,,"EN: ( ðŸ‡ºðŸ‡¸ )
ðŸƒ Target | https://my.centorly.ru/login
ðŸ’– Method | HTTP-NEMESIS
ðŸ› Concurrents | 1
â¤ï¸ Check-Host Report

CN: ( ðŸ‡¨ðŸ‡³ )
ðŸƒ ç›®æ¨™ | https://my.centorly.ru/login
ðŸ’– æ–¹æ³• | HTTP-NEMESIS
ðŸ› ä¸¦ç™¼æ•¸ | 1
â¤ï¸ è¯æ˜Ž
_____________________________

ðŸ’²  Auto Payments (Coupon Code: NEO15) â˜„ï¸
ðŸ’–  Main Channel
â¤  Chat",URL (Dirty),https://my.centorly.ru/login,regex-greedy
Unknown,2024-03-02 08:20:29,,"EN: ( ðŸ‡ºðŸ‡¸ )
ðŸƒ Target | https://byron.ro/en/blog/
ðŸ’– Method | HTTP-NEMESIS
ðŸ› Concurrents | 1
â¤ï¸ Check-Host Report

CN: ( ðŸ‡¨ðŸ‡³ )
ðŸƒ ç›®æ¨™ | https://byron.ro/en/blog/
ðŸ’– æ–¹æ³• | HTTP-NEMESIS
ðŸ› ä¸¦ç™¼æ•¸ | 1
â¤ï¸ è¯æ˜Ž
_____________________________

ðŸ’²  Auto Payments (Coupon Code: NEO15) â˜„ï¸
ðŸ’–  Main Channel
â¤  Chat",URL (Dirty),https://byron.ro/en/blog/,regex-greedy
Unknown,2024-03-02 08:20:28,,"EN: ( ðŸ‡ºðŸ‡¸ )
ðŸƒ Target | https://blogcay.com/
ðŸ’– Method | HTTP-NEMESIS
ðŸ› Concurrents | 1
â¤ï¸ Check-Host Report

CN: ( ðŸ‡¨ðŸ‡³ )
ðŸƒ ç›®æ¨™ | https://blogcay.com/
ðŸ’– æ–¹æ³• | HTTP-NEMESIS
ðŸ› ä¸¦ç™¼æ•¸ | 1
â¤ï¸ è¯æ˜Ž
_____________________________

ðŸ’²  Auto Payments (Coupon Code: NEO15) â˜„ï¸
ðŸ’–  Main Channel
â¤  Chat",URL (Dirty),https://blogcay.com/,regex-greedy
Unknown,2024-03-02 05:26:10,,"EN: ( ðŸ‡ºðŸ‡¸ )
ðŸƒ Target | https://www.hetzner.com/
ðŸ’– Method | HTTP-NEMESIS
ðŸ› Concurrents | 1
â¤ï¸ Check-Host Report

CN: ( ðŸ‡¨ðŸ‡³ )
ðŸƒ ç›®æ¨™ | https://www.hetzner.com/
ðŸ’– æ–¹æ³• | HTTP-NEMESIS
ðŸ› ä¸¦ç™¼æ•¸ | 1
â¤ï¸ è¯æ˜Ž
_____________________________

ðŸ’²  Auto Payments (Coupon Code: NEO15) â˜„ï¸
ðŸ’–  Main Channel
â¤  Chat",URL (Dirty),https://www.hetzner.com/,regex-greedy
Unknown,2024-04-07 07:29:43,,https://money.alfabank.ru/mr/keIniWDQBs,URL (Dirty),https://money.alfabank.ru/mr/keIniWDQBs,regex-greedy
Unknown,2024-04-27 12:17:19,,"We are looking for new sellers -Fresh tools 

https://w0rm.pw",URL (Dirty),https://w0rm.pw,regex-greedy
Unknown,2024-04-22 09:06:54,,https://developer.chrome.com/docs/devtools/application/cookies,URL (Dirty),https://developer.chrome.com/docs/devtools/application/cookies,regex-greedy
Unknown,2024-04-14 04:58:40,,https://snapchat.com/t/G4dEDmPm,URL (Dirty),https://snapchat.com/t/G4dEDmPm,regex-greedy
Unknown,2024-03-24 04:24:41,,https://mobile-earn.buzz/605349220281,URL (Dirty),https://mobile-earn.buzz/605349220281,regex-greedy
Unknown,2024-03-03 23:58:43,,https://Bratabay.mysellix.io/product/65e50af9b5b44,URL (Dirty),https://Bratabay.mysellix.io/product/65e50af9b5b44,regex-greedy
Unknown,2024-04-29 19:12:46,,"ðŸ¤Dedicated to the channelðŸ¤

ðŸ—ï¸ Type : âšªï¸ V2ray

â˜Žï¸ For all operators : 

ðŸŸ¡ MTN

ðŸ”µ IR-MCI

ðŸŸ£ RIGHTEL

Â©ï¸ Click on the text to copy the v2ray

vless://3f9b3384-dac1-460e-a66f-96c2ab5735a1@185.146.173.58:80?path=%2FTelegram%3A%40NUFiLTER-Telegram%3A%40NUFiLTER-Telegram%3A%40NUFiLTER-Telegram%3A%40NUFiLTER-Telegram%3A%40NUFiLTER-Telegram%3A%40NUFiLTER-Telegram%3A%40NUFiLTER-Telegram%3A%40NUFiLTER-Telegram%3A%40NUFiLTER-Telegram%3A%40NUFiLTER-Telegram%3A%40NUFiLTER%3Fed%3D2056&security=none&encryption=none&host=sas.%E5%88%97%E5%88%97%E7%94%B7%E4%BA%8B%E7%9A%84%E4%BA%8B%E5%88%97%E4%B8%8A%E8%B5%9B%E7%94%B778.com.&type=ws#%40ironnett

@Ironnett",IPv4 (Loose),185.146.173.58,regex-loose
Unknown,2024-04-29 14:31:25,,"; //------------------------------------------------------------------------------ ; // FILE : vodafone.mm1 ; // PROVIDER : Vodafone ; // COUNTRY : Greece ; //------------------------------------------------------------------------------ ; // To download ActiveXperts SMS Component, use the following URL: ; // www.activexperts.com/download/?p1=ax004 ; // Please note that a GSM/GPRS modem is required. ; //------------------------------------------------------------------------------ [Provider] ProviderMMSC=http://mms.vodafone.gr/ ProviderWAPGateway=http://213.249.19.49:8080 ProviderAPN=internetmms.vodafone.net ProviderAPNAccount=user ProviderAPNPassword=pass",URL (Dirty),http://mms.vodafone.gr/,regex-greedy
Unknown,2024-04-29 14:31:25,,"; //------------------------------------------------------------------------------ ; // FILE : vodafone.mm1 ; // PROVIDER : Vodafone ; // COUNTRY : Greece ; //------------------------------------------------------------------------------ ; // To download ActiveXperts SMS Component, use the following URL: ; // www.activexperts.com/download/?p1=ax004 ; // Please note that a GSM/GPRS modem is required. ; //------------------------------------------------------------------------------ [Provider] ProviderMMSC=http://mms.vodafone.gr/ ProviderWAPGateway=http://213.249.19.49:8080 ProviderAPN=internetmms.vodafone.net ProviderAPNAccount=user ProviderAPNPassword=pass",URL (Dirty),http://213.249.19.49:8080,regex-greedy
Unknown,2024-04-29 14:31:25,,"; //------------------------------------------------------------------------------ ; // FILE : vodafone.mm1 ; // PROVIDER : Vodafone ; // COUNTRY : Greece ; //------------------------------------------------------------------------------ ; // To download ActiveXperts SMS Component, use the following URL: ; // www.activexperts.com/download/?p1=ax004 ; // Please note that a GSM/GPRS modem is required. ; //------------------------------------------------------------------------------ [Provider] ProviderMMSC=http://mms.vodafone.gr/ ProviderWAPGateway=http://213.249.19.49:8080 ProviderAPN=internetmms.vodafone.net ProviderAPNAccount=user ProviderAPNPassword=pass",IPv4 (Loose),213.249.19.49,regex-loose
Unknown,2024-04-27 18:30:31,,AB4F368345DC20DC59516C098AAD331C,MD5 Hash,AB4F368345DC20DC59516C098AAD331C,regex-md5
Unknown,2024-04-25 10:06:25,,"ðŸ¤Dedicated to the channelðŸ¤

ðŸ—ï¸ Type : â¬œï¸ V2ray , ðŸŸ© outline

â˜Žï¸ For all operators : 

ðŸŸ¡ MTN

ðŸ”µ IR-MCI

ðŸŸ£ RIGHTEL

Â©ï¸ Click on the text to copy the v2ray

ðŸ¤Dedicated to the channelðŸ¤

ðŸ—ï¸ Type : â¬œï¸ V2ray , ðŸŸ© outline

â˜Žï¸ For all operators : 

ðŸŸ¡ MTN

ðŸ”µ IR-MCI

ðŸŸ£ RIGHTEL

Â©ï¸ Click on the text to copy the v2ray


vless://77929deb-96a2-48b7-b93e-0da208ec82a8@185.146.173.59:80?path=%2FTelegram%3A%40NUFiLTER-Telegram%3A%40NUFiLTER-Telegram%3A%40NUFiLTER-Telegram%3A%40NUFiLTER-Telegram%3A%40NUFiLTER-Telegram%3A%40NUFiLTER-Telegram%3A%40NUFiLTER-Telegram%3A%40NUFiLTER-Telegram%3A%40NUFiLTER-Telegram%3A%40NUFiLTER-Telegram%3A%40NUFiLTER&security=none&encryption=none&host=tomaj.%E5%88%97%E5%88%97%E7%94%B7%E4%BA%8B%E7%9A%84%E4%BA%8B%E5%88%97%E4%B8%8A%E8%B5%9B%E7%94%B778.com.&type=ws#%40ironnett

@Ironnett",IPv4 (Loose),185.146.173.59,regex-loose
Unknown,2024-04-25 05:46:56,,4612AD25981D7183127316392178B142,MD5 Hash,4612AD25981D7183127316392178B142,regex-md5
Unknown,2024-04-24 16:50:15,,"ss://Y2hhY2hhMjAtaWV0Zi1wb2x5MTMwNTphOGJ0OWZZMFFzTFM2ZUxuWFVlMFlt@193.29.139.248:8080#%40v2Rinjector+%F0%9F%A4%8D%DA%A9%D8%A7%D9%86%D9%81%DB%8C%DA%AF+%D8%B1%D8%A7%DB%8C%DA%AF%D8%A7%D9%86

ðŸŸ¡MTN  connectâœ…
ðŸ‡®ðŸ‡·ðŸ‡®ðŸ‡·ðŸ‡®ðŸ‡·ðŸ‡®ðŸ‡·ðŸ‡®ðŸ‡·ðŸ‡®ðŸ‡·ðŸ‡®ðŸ‡·",IPv4 (Loose),193.29.139.248,regex-loose
Unknown,2024-04-20 17:15:06,,"ðŸ¤Dedicated to the channelðŸ¤

ðŸ—ï¸ Type : V2ray

â˜Žï¸ For all operators : 

ðŸŸ¡ MTN

ðŸ”µ IR-MCI

ðŸŸ£ RIGHTEL

Â©ï¸ Click on the text to copy the v2ray

vless://a969a23c-7878-41c5-9d50-403f2d6604e2@104.18.154.42:8880?path=%2Fdaily_configs%3Fed%3D2048&security=none&encryption=none&host=dl3.%E4%BD%A0%E8%AE%93%E9%80%99%E5%80%8B%E5%9F%8E%E5%B8%82%E5%A4%B1%E6%95%97%E4%BA%86.tech.&type=ws#%40ironnett


@ironnett",IPv4 (Loose),104.18.154.42,regex-loose
Unknown,2024-04-17 20:41:46,,vless://e061b44d-7a71-46fa-844b-da3c7b2b22d8@160.153.0.179:80?path=%2FwoBsHcfxCW5lTFVZ4KKPU3K7E&security=none&encryption=none&host=nl87.tradex2080.com&type=ws#%40xv2rayrp%F0%9F%87%AA%F0%9F%87%A6,IPv4 (Loose),160.153.0.179,regex-loose
Unknown,2024-04-17 19:23:20,,D3819AB2A174B1DEFD45DDEB5E5495FF,MD5 Hash,D3819AB2A174B1DEFD45DDEB5E5495FF,regex-md5
Unknown,2024-04-16 21:17:01,,"vmess://eyJhZGQiOiIxNTQuNTMuMTY0LjQwIiwiYWlkIjoiMCIsImFscG4iOiIiLCJmcCI6IiIsImhvc3QiOiIiLCJpZCI6ImEzZWM4YTZlLWJkMmQtNDNkNy1mMDU2LTk3MDQyNzc4ZTRlYyIsIm5ldCI6InRjcCIsInBhdGgiOiIiLCJwb3J0IjoiNTQ1MDMiLCJwcyI6IkBkYXJlZGV2aWxsXzQwNCIsInNjeSI6ImF1dG8iLCJzbmkiOiIiLCJ0bHMiOiIiLCJ0eXBlIjoibm9uZSIsInYiOiIyIn0=

ss://Y2hhY2hhMjAtaWV0Zi1wb2x5MTMwNTpxZ3BkeXpIajhyWlc5ZkR4eGtVSFJJ@217.196.103.206:29312#%40daredevill_404

ss://Y2hhY2hhMjAtaWV0Zi1wb2x5MTMwNToxZjhqZE9JS2t4UldNVWVPZlhQZW84@109.107.172.30:28190#%40daredevill_404

vmess://eyJhZGQiOiIxNDQuMjAyLjU5LjI2IiwiYWlkIjoiMCIsImFscG4iOiIiLCJmcCI6IiIsImhvc3QiOiIiLCJpZCI6ImU5MGExNzA5LWZkOTQtNDRkMy1mODA5LTg4NDk4MzdjYzJkMyIsIm5ldCI6InRjcCIsInBhdGgiOiIiLCJwb3J0IjoiNTcwNjEiLCJwcyI6IkBkYXJlZGV2aWxsXzQwNCIsInNjeSI6ImF1dG8iLCJzbmkiOiIiLCJ0bHMiOiIiLCJ0eXBlIjoibm9uZSIsInYiOiIyIn0=

Irancell",IPv4 (Loose),217.196.103.206,regex-loose
Unknown,2024-04-16 21:17:01,,"vmess://eyJhZGQiOiIxNTQuNTMuMTY0LjQwIiwiYWlkIjoiMCIsImFscG4iOiIiLCJmcCI6IiIsImhvc3QiOiIiLCJpZCI6ImEzZWM4YTZlLWJkMmQtNDNkNy1mMDU2LTk3MDQyNzc4ZTRlYyIsIm5ldCI6InRjcCIsInBhdGgiOiIiLCJwb3J0IjoiNTQ1MDMiLCJwcyI6IkBkYXJlZGV2aWxsXzQwNCIsInNjeSI6ImF1dG8iLCJzbmkiOiIiLCJ0bHMiOiIiLCJ0eXBlIjoibm9uZSIsInYiOiIyIn0=

ss://Y2hhY2hhMjAtaWV0Zi1wb2x5MTMwNTpxZ3BkeXpIajhyWlc5ZkR4eGtVSFJJ@217.196.103.206:29312#%40daredevill_404

ss://Y2hhY2hhMjAtaWV0Zi1wb2x5MTMwNToxZjhqZE9JS2t4UldNVWVPZlhQZW84@109.107.172.30:28190#%40daredevill_404

vmess://eyJhZGQiOiIxNDQuMjAyLjU5LjI2IiwiYWlkIjoiMCIsImFscG4iOiIiLCJmcCI6IiIsImhvc3QiOiIiLCJpZCI6ImU5MGExNzA5LWZkOTQtNDRkMy1mODA5LTg4NDk4MzdjYzJkMyIsIm5ldCI6InRjcCIsInBhdGgiOiIiLCJwb3J0IjoiNTcwNjEiLCJwcyI6IkBkYXJlZGV2aWxsXzQwNCIsInNjeSI6ImF1dG8iLCJzbmkiOiIiLCJ0bHMiOiIiLCJ0eXBlIjoibm9uZSIsInYiOiIyIn0=

Irancell",IPv4 (Loose),109.107.172.30,regex-loose
Unknown,2024-04-16 11:35:57,,vless://8291c021-c278-423f-9b2d-76a2a490064e@46.36.100.38:12557?security=none&encryption=none&headerType=http&type=tcp#%5B%F0%9F%87%AE%F0%9F%87%B7%5D%F0%9D%90%A3%F0%9D%90%A8%F0%9D%90%A2%F0%9D%90%A7%F0%93%84%82%F0%93%86%83+%40xv2rayrp,IPv4 (Loose),46.36.100.38,regex-loose
Unknown,2024-04-14 21:00:46,,"vmess://eyJhZGQiOiJqYWhma2poYS5jZmQiLCJhaWQiOiIwIiwiYWxwbiI6IiIsImZwIjoiIiwiaG9zdCI6ImphaGZramhhLmNmZCIsImlkIjoiOTUwZGI2YWEtNDkyNi00NjE2LTgxNmUtZWMwMzEyZGNiODdiIiwibmV0Ijoid3MiLCJwYXRoIjoiL2xpbmt3cyIsInBvcnQiOiI0NDMiLCJwcyI6IkBNYXJhbWJhc2hpIPCfkpsiLCJzY3kiOiJhdXRvIiwic25pIjoiamFoZmtqaGEuY2ZkIiwidGxzIjoidGxzIiwidHlwZSI6IiIsInYiOiIyIn0=

vless://aabc3ef9-6968-4311-81b8-8cd0414c1904@104.24.177.7:80?path=Path%2F%2F%3Fed%3D2048&security=none&encryption=none&host=luact.zahedan.eu.org&type=ws#%F0%9F%90%B3Telegram%3A%40@MARAMBASHI+Telegram%3A%40@MARAMBASHI+Telegram%3A%40@MARAMBASHI

ss://Y2hhY2hhMjAtaWV0Zi1wb2x5MTMwNTo3aXZyR0VIWTg4c1FrM0RQ@account-mec.emofid.co:443#%F0%9F%92%9CTelegram%3A%40@MARAMBASHI+Telegram%3A%40@MARAMBASHI+Telegram%3A%40@MARAMBASHI",IPv4 (Loose),104.24.177.7,regex-loose
Unknown,2024-04-11 12:51:00,,vless://77cacf2f-abf9-4de9-a9fe-c8dbe1d93445@31.214.168.228:29564?security=none&encryption=none&host=fast.com&headerType=http&type=tcp#%40xv2rayrp%DA%A9%D8%A7%D9%86%D9%81%DB%8C%DA%AF+%D9%87%D8%A7%DB%8C+%D8%A8%DB%8C%D8%B4%D8%AA%D8%B1%F0%9F%A5%B6%F0%9F%A5%B6,IPv4 (Loose),31.214.168.228,regex-loose
Unknown,2024-04-10 11:38:40,,D1B822529EB33B316FF2C926DFF30D12,MD5 Hash,D1B822529EB33B316FF2C926DFF30D12,regex-md5
Unknown,2024-04-08 23:26:38,,30EE4BAD3EAB47061371FA8279C07510,MD5 Hash,30EE4BAD3EAB47061371FA8279C07510,regex-md5
Unknown,2024-04-07 21:21:51,,"ðŸ¤Dedicated to the channelðŸ¤

ðŸ—ï¸ Type : V2ray

â˜Žï¸ For all operators : 

ðŸŸ¡ MTN

ðŸ”µ IR-MCI

ðŸŸ£ RIGHTEL

Â©ï¸ Click on the text to copy the v2ray


vless://a77cea38-e34b-4d31-98dc-e5b496f07aa7@91.193.58.1:2052?security=none&encryption=none&type=ws&host=%E7%A9%86%E7%BD%95%E9%BB%98%E5%BE%B7%E4%BE%AF%E8%B5%9Bsuperspeed12.ff2ray.cfd.&path=/?ed%3D2053#@Ironnettâ¬œï¸



@ironnett",IPv4 (Loose),91.193.58.1,regex-loose
Unknown,2024-04-06 15:50:32,,Shttps://refpay.site/?inv=545684,URL (Dirty),https://refpay.site/?inv=545684,regex-greedy
Unknown,2024-04-05 22:00:41,,"ðŸ¤Dedicated to the channelðŸ¤

ðŸ—ï¸ Type : V2ray

â˜Žï¸ For all operators : 

ðŸŸ¡ MTN

ðŸ”µ IR-MCI

ðŸŸ£ RIGHTEL

Â©ï¸ Click on the text to copy the v2ray

vless://119eede4-99eb-47e5-9051-e57c77ad1805@185.146.173.94:8880?path=%2F%40LIGHTNING6%2C+%40LIGHTNING6&security=none&encryption=none&host=xn---qhantayawi--f-9wl9bqtr75a955a5b97asba44yjwac23607hkhja.lightning6.xyz.&type=ws#%40ironnett


@ironnett",IPv4 (Loose),185.146.173.94,regex-loose
Unknown,2024-04-05 04:45:33,,B49E8BBCB20E4BBABD31F4EF7BF61A53,MD5 Hash,B49E8BBCB20E4BBABD31F4EF7BF61A53,regex-md5
Unknown,2024-04-04 07:00:42,,"ðŸ¤Dedicated to the channelðŸ¤

ðŸ—ï¸ Type : V2ray

â˜Žï¸ For all operators : 

ðŸŸ¡ MTN

ðŸ”µ IR-MCI

ðŸŸ£ RIGHTEL

Â©ï¸ Click on the text to copy the v2ray

vless://9b76ad11-de31-419d-857c-8418c62fae1f@185.146.173.95:8880?path=%2F%40LIGHTNING6%2C+%40LIGHTNING6&security=none&encryption=none&host=xn---qhantayawi--d-9wl9bqtr75a955a5b97asba44yjwac23607hkhja.lightning6.xyz.&type=ws#%40ironnett

@ironnett",IPv4 (Loose),185.146.173.95,regex-loose
Unknown,2024-04-01 21:21:34,,"ðŸ¤Dedicated to the channelðŸ¤

Type : V2ray

ðŸ“ž For all operators : 

ðŸŸ¨ MTN

ðŸŸ¦ IR-MCI

ðŸŸª RIGHTEL

Â©ï¸ Click on the text to copy the v2ray

vless://53839bef-2c68-4c05-99d1-be778f1c7f8e@185.146.173.96:8880?path=%2F%40LIGHTNING6%2C+%40LIGHTNING6&security=none&encryption=none&host=xn---qhantayawi--e-9wl9bqtr75a955a5b97asba44yjwac23607hkhja.lightning6.xyz.&type=ws#%40ironnett

@ironnett",IPv4 (Loose),185.146.173.96,regex-loose
Unknown,2024-04-01 19:21:56,,"ðŸ¤Dedicated to the channelðŸ¤

Type : V2ray

ðŸ“ž For all operators : 

ðŸŸ¨ MTN

ðŸŸ¦ IR-MCI

ðŸŸª RIGHTEL

Â©ï¸ Click on the text to copy the v2ray

vless://e353ac79-980d-4156-9852-2e55114d55e5@217.69.9.222:443?security=reality&encryption=none&type=grpc&sid=afb34a07&fp=chrome&pbk=ivaP923zoPfQOoOXDwJfboFkZMlFLzKi_NuXr1UgZg0#@Ironnett

@ironnett",IPv4 (Loose),217.69.9.222,regex-loose
Unknown,2024-03-31 06:57:16,,"ðŸ¤Dedicated to the channelðŸ¤

Type : V2ray

ðŸ“ž For all operators : 

ðŸŸ¨ MTN

ðŸŸ¦ IR-MCI

ðŸŸª RIGHTEL

Â©ï¸ Click on the text to copy the v2ray

vless://0795a365-a3bc-445d-9961-4949cec7770b@93.113.237.83:2079?security=reality&encryption=none&pbk=SbVKOEMjK0sIlbwg4akyBg5mL5KZwwB-ed4eEE7YnRc&headerType=none&fp=chrome&type=tcp&sni=hiztesti-ist.codit.com.tr.prod.hosts.ooklaserver.net#%40ironnett

@ironnett",IPv4 (Loose),93.113.237.83,regex-loose
Unknown,2024-03-31 04:21:38,,B16A3CB9504BE56F0475588A174E5913,MD5 Hash,B16A3CB9504BE56F0475588A174E5913,regex-md5
Unknown,2024-03-30 18:27:09,,70DF9465BA2AA8815B211BBB27F6F742,MD5 Hash,70DF9465BA2AA8815B211BBB27F6F742,regex-md5
Unknown,2024-03-28 12:59:44,,https://shrinkme.io/ref/awotalem,URL (Dirty),https://shrinkme.io/ref/awotalem,regex-greedy
Unknown,2024-03-27 19:45:39,,"ðŸ¤Dedicated to the channelðŸ¤

Type : V2ray

ðŸ“ž For all operators : 

ðŸŸ¨ MTN

ðŸŸ¦ IR-MCI

ðŸŸª RIGHTEL

Â©ï¸ Click on the text to copy the v2ray

vless://087eae3c-2f00-49a8-9277-5d7e50a17a63@2.189.130.196:33581?security=none&encryption=none&type=ws&host=telewebion.com&path=/#@Ironnett

@ironnett",IPv4 (Loose),2.189.130.196,regex-loose
Unknown,2024-03-27 15:28:57,,"ðŸ¤Dedicated to the channelðŸ¤

Type : V2ray

ðŸ“ž For all operators : 

ðŸŸ¨ MTN

ðŸŸ¦ IR-MCI

ðŸŸª RIGHTEL

Â©ï¸ Click on the text to copy the v2ray

vless://7f55b425-a623-439b-bbd5-0b1778162054@66.81.247.66:80?security=none&encryption=none&type=ws&host=V2rayGodVip.xn--oor7hj4iyes9ldmi6b99k5zcm7ge8wfuhdo4cd8m61eqretu4en5hcvkerw.Site.&path=@V2rayGodVip%3DTelegram/?ed%3D2048#@Ironnett

@ironnett",IPv4 (Loose),66.81.247.66,regex-loose
Unknown,2024-03-27 14:02:13,,"ðŸ¤Dedicated to the channelðŸ¤

Type : V2ray

ðŸ“ž For all operators : 

ðŸŸ¨ MTN

ðŸŸ¦ IR-MCI

ðŸŸª RIGHTEL

Â©ï¸ Click on the text to copy the v2ray

vless://f09adc38-3a98-4f30-b1bc-e461c12c3d61@217.219.212.12:52983?security=none&encryption=none&host=fast.com&headerType=http&type=tcp#%40ironnett

@ironnett",IPv4 (Loose),217.219.212.12,regex-loose
Unknown,2024-03-26 19:47:42,,"ðŸ¤Dedicated to the channelðŸ¤

Type : V2ray

ðŸ“ž For all operators : 

ðŸŸ¨ MTN

ðŸŸ¦ IR-MCI

ðŸŸª RIGHTEL

Â©ï¸ Click on the text to copy the v2ray

vless://dc214e93-6c5a-419d-ba85-3080b8154c47@185.146.173.80:8080?path=%40daily_configs-%40daily_configs-%40daily_configs-%40daily_configs&security=none&encryption=none&host=azadi-az-inja-migzare.%E7%BE%A9%E5%8B%99%E8%AD%A6%E5%93%A1.online.&type=ws#%40ironnett

@ironnett",IPv4 (Loose),185.146.173.80,regex-loose
Unknown,2024-03-26 19:09:10,,"vmess://eyJhZGQiOiIxNzIuNjcuMTcwLjEzIiwiYWlkIjoiMCIsImFscG4iOiIiLCJmcCI6IiIsImhvc3QiOiJnbHdlaWRmLnNicyIsImlkIjoiNzYyMjFiZmItZTkyZi00ZTgwLTgxYzUtNmZlNDhmNTBhYzBiIiwibmV0Ijoid3MiLCJwYXRoIjoiL2xpbmt3cyIsInBvcnQiOiI0NDMiLCJwcyI6IvCfjoHwn46B8J+OgSDZgtix2LnZhyDaqdi024wg2q/ZiNi024wgUzI0INin2YjZhNiq2LHYpyDwn5OxIiwic2N5IjoiYXV0byIsInNuaSI6Imdsd2VpZGYuc2JzIiwidGxzIjoidGxzIiwidHlwZSI6IiIsInYiOiIyIn0=

ss://YWVzLTI1Ni1nY206bEdxczk1UWtGSG8yTlY=@51.158.150.210:5498#%D8%B1%D8%A7%D9%87%D9%86%D9%85%D8%A7%DB%8C+%D9%82%D8%B1%D8%B9%D9%87+%DA%A9%D8%B4%DB%8C+%D8%AF%D8%B1+%DA%A9%D8%A7%D9%86%D8%A7%D9%84+%F0%9F%8E%81%F0%9F%8E%81satellitenewspersian%40


IRANCELL ðŸŒ•
@satellitenewspersian âœ…
ðŸ‡®ðŸ‡·ðŸ‡®ðŸ‡·ðŸ‡®ðŸ‡·ðŸ‡®ðŸ‡·ðŸ‡®ðŸ‡·ðŸ‡®ðŸ‡·ðŸ‡®ðŸ‡·ðŸ‡®ðŸ‡·",IPv4 (Loose),51.158.150.210,regex-loose
Unknown,2024-03-25 07:21:19,,6C381BEE9E3B57CA5BF0104DDD22077E,MD5 Hash,6C381BEE9E3B57CA5BF0104DDD22077E,regex-md5
Unknown,2024-03-21 09:48:04,,vless://8cfb4718-5eaa-4d3e-8c35-d505c16b96d8@35.178.3.11:20783?type=tcp&security=none#20783-IP,IPv4 (Loose),35.178.3.11,regex-loose
Unknown,2024-03-20 06:49:35,,"ss://Y2hhY2hhMjAtaWV0Zi1wb2x5MTMwNTpQL3ArbkxsT0t3RUo1L3ZHOVBkYTJSSHNkcC9zeEkvRGRnY01TZGxKSE5JPQ==@49.12.193.219:7010#%D8%B3%D8%B1%D9%88%D8%B1+%D9%87%D8%A7%DB%8C+%D8%B1%D8%A7%DB%8C%DA%AF%D8%A7%D9%86+%D8%AF%D8%B1+%DA%A9%D8%A7%D9%86%D8%A7%D9%84+satellitenewspersian%40%E2%9C%85

IRANCELL ðŸŒ•
@satellitenewspersian ðŸ‡®ðŸ‡·
ðŸ‡®ðŸ‡·ðŸ‡®ðŸ‡·ðŸ‡®ðŸ‡·ðŸ‡®ðŸ‡·ðŸ‡®ðŸ‡·âœ…",IPv4 (Loose),49.12.193.219,regex-loose
Unknown,2024-03-13 09:16:23,,"ss://Y2hhY2hhMjAtaWV0Zi1wb2x5MTMwNTpEbU1RVW1JN3BnUURucldxTFhDMDBM@94.228.165.234:15214#%40v2Rinjector+%F0%9F%A4%8D%DA%A9%D8%A7%D9%86%D9%81%DB%8C%DA%AF+%D8%B1%D8%A7%DB%8C%DA%AF%D8%A7%D9%86
vless://dbff34ab-eb96-441d-9f07-30f0a7776037@49.13.69.46:56078?security=reality&encryption=none&pbk=SUCJ94wKPUdfkBJw8VnANql6kevueb6EyA71C3AfKFs&headerType=none&fp=chrome&type=tcp&sni=canva.com&sid=bf44fc2c#%40v2Rinjector+%F0%9F%A4%8D%DA%A9%D8%A7%D9%86%D9%81%DB%8C%DA%AF+%D8%B1%D8%A7%DB%8C%DA%AF%D8%A7%D9%86
ss://YWVzLTI1Ni1nY206QEdldE5ldHdvcmtCb3Q=@[2a0d:c740:3c:1::4d56:7f45]:47529#%40v2Rinjector+%F0%9F%A4%8D%DA%A9%D8%A7%D9%86%D9%81%DB%8C%DA%AF+%D8%B1%D8%A7%DB%8C%DA%AF%D8%A7%D9%86
ALL operator's


ðŸ‡®ðŸ‡·
â€Œ",IPv4 (Loose),94.228.165.234,regex-loose
Unknown,2024-03-13 09:16:23,,"ss://Y2hhY2hhMjAtaWV0Zi1wb2x5MTMwNTpEbU1RVW1JN3BnUURucldxTFhDMDBM@94.228.165.234:15214#%40v2Rinjector+%F0%9F%A4%8D%DA%A9%D8%A7%D9%86%D9%81%DB%8C%DA%AF+%D8%B1%D8%A7%DB%8C%DA%AF%D8%A7%D9%86
vless://dbff34ab-eb96-441d-9f07-30f0a7776037@49.13.69.46:56078?security=reality&encryption=none&pbk=SUCJ94wKPUdfkBJw8VnANql6kevueb6EyA71C3AfKFs&headerType=none&fp=chrome&type=tcp&sni=canva.com&sid=bf44fc2c#%40v2Rinjector+%F0%9F%A4%8D%DA%A9%D8%A7%D9%86%D9%81%DB%8C%DA%AF+%D8%B1%D8%A7%DB%8C%DA%AF%D8%A7%D9%86
ss://YWVzLTI1Ni1nY206QEdldE5ldHdvcmtCb3Q=@[2a0d:c740:3c:1::4d56:7f45]:47529#%40v2Rinjector+%F0%9F%A4%8D%DA%A9%D8%A7%D9%86%D9%81%DB%8C%DA%AF+%D8%B1%D8%A7%DB%8C%DA%AF%D8%A7%D9%86
ALL operator's


ðŸ‡®ðŸ‡·
â€Œ",IPv4 (Loose),49.13.69.46,regex-loose
Unknown,2024-03-11 09:40:19,,754FA0CFF33F2F59F4B8CA3DEB4C2CDA,MD5 Hash,754FA0CFF33F2F59F4B8CA3DEB4C2CDA,regex-md5
Unknown,2024-03-10 22:06:56,,"vless://ce793dc7-67a4-4020-913d-c7679cb41b07@[2a01:4f8:1c1b:2b78::1]:25253?security=none&encryption=none&headerType=none&type=tcp#%40v2Rinjector+%F0%9F%A4%8D%DA%A9%D8%A7%D9%86%D9%81%DB%8C%DA%AF+%D8%B1%D8%A7%DB%8C%DA%AF%D8%A7%D9%86
vless://2223a242-c7b3-4be3-8933-05a87af9b92b@154.197.75.98:80?path=%2F%3FTELEGRAM%3A+%40v2Rinjector+%7C+TELEGRAM%3A+%40v2Rinjector+%7C+TELEGRAM%3A+%40v2Rinjector+%7C+TELEGRAM%3A+%40v2Rinjector&security=none&encryption=none&host=shhproxyfrees.xn--69-pv2cl2k5x3fipr.org.&type=ws#%40v2Rinjector+%F0%9F%A4%8D%DA%A9%D8%A7%D9%86%D9%81%DB%8C%DA%AF+%D8%B1%D8%A7%DB%8C%DA%AF%D8%A7%D9%86
ALL operator's


ðŸ‡®ðŸ‡·
â€Œ",IPv4 (Loose),154.197.75.98,regex-loose
Unknown,2024-03-10 08:35:37,,CEE271F60FA1BAA8AF316333E91FEE56,MD5 Hash,CEE271F60FA1BAA8AF316333E91FEE56,regex-md5
Unknown,2024-03-05 18:42:01,,"ss://Y2hhY2hhMjAtaWV0Zi1wb2x5MTMwNTpHRXNZdm5NTXo0dDRZS0sra2tlNWlmaHIvNGFCc0V4RnFvbFJEcTM3eTNrPQ==@18.157.179.61:8080#%D8%B3%D8%B1%D9%88%D8%B1+%D9%87%D8%A7%DB%8C+%D8%B1%D8%A7%DB%8C%DA%AF%D8%A7%D9%86+%D8%AF%D8%B1+%DA%A9%D8%A7%D9%86%D8%A7%D9%84+satellitenewspersian%40%E2%9C%85

IRANCELL ðŸŒ•
ðŸ‡®ðŸ‡·ðŸ‡®ðŸ‡·ðŸ‡®ðŸ‡·ðŸ‡®ðŸ‡·ðŸ‡®ðŸ‡·ðŸ‡®ðŸ‡·ðŸ‡®ðŸ‡·ðŸ‡®ðŸ‡·
@satellitenewspersian âœ…",IPv4 (Loose),18.157.179.61,regex-loose
Unknown,2024-04-26 17:14:28,,"https://www.xda-developers.com/google-confirms-webview-issue-crashing-android-apps/amp/

âš  Search for â€œAndroid System WebViewâ€ on the Play Store app, and select â€œUpdateâ€. Do the same for Google Chrome.",URL (Dirty),https://www.xda-developers.com/google-confirms-webview-issue-crashing-android-apps/amp/,regex-greedy
Unknown,2024-04-16 04:46:56,,B33FAB5C07EF12398A540C7757F6E065,MD5 Hash,B33FAB5C07EF12398A540C7757F6E065,regex-md5
Unknown,2024-04-03 20:31:31,,B945A8AD3DDFF937B939CDB6E39344A5,MD5 Hash,B945A8AD3DDFF937B939CDB6E39344A5,regex-md5
Unknown,2024-03-29 03:17:18,,1B0D4EE4D3E20B8922251941B956C21E,MD5 Hash,1B0D4EE4D3E20B8922251941B956C21E,regex-md5
Unknown,2024-03-26 13:28:52,,vless://7bd2bd19-f7e4-4c8c-969a-9a55c7513042@188.212.97.208:2052?mode=gun&security=none&encryption=none&type=grpc&serviceName=#%F0%9F%9F%A2%40HinaVPNbot+%D8%B1%D8%A8%D8%A7%D8%AA+%DA%A9%D8%A7%D9%86%D9%81%DB%8C%DA%AF+%D8%B1%D8%A7%DB%8C%DA%AF%D8%A7%D9%86,IPv4 (Loose),188.212.97.208,regex-loose
Unknown,2024-03-25 00:57:13,,https://?timestamp=1711327961&user_id=7318513754548356101&sec_user_id=MS4wLjABAAAAuIganMYhTXw2CNJgo5GHCtEMEDGi3ca8WT3dp0DKsH2C6RT1mhJL0lDXw3SCSWLL&utm_source=telegram&utm_campaign=client_share&utm_medium=android&share_iid=7349063747945629445&share_link_id=77b489b9-b578-4a3f-9c4b-f7c9cbe05957&share_app_id=1233&ugbiz_name=ACCOUNT&ug_btm=b5836%2CEnlargeAvatarActivity&social_share_type=5&enable_checksum=1,URL (Dirty),https://?timestamp=1711327961&user_id=7318513754548356101&sec_user_id=MS4wLjABAAAAuIganMYhTXw2CNJgo5GHCtEMEDGi3ca8WT3dp0DKsH2C6RT1mhJL0lDXw3SCSWLL&utm_source=telegram&utm_campaign=client_share&utm_medium=android&share_iid=7349063747945629445&share_link_id=77b489b9-b578-4a3f-9c4b-f7c9cbe05957&share_app_id=1233&ugbiz_name=ACCOUNT&ug_btm=b5836%2CEnlargeAvatarActivity&social_share_type=5&enable_checksum=1,regex-greedy
Unknown,2024-03-24 23:06:32,,"Report an malfunction app


-------------------------
Device: SM-A013G
Android Version: 10
App Version: 2.2.36
user id: 11eee4d6646c2f90a50889c8848a6b69",MD5 Hash,11eee4d6646c2f90a50889c8848a6b69,regex-md5
Unknown,2024-03-21 15:40:22,,vless://406f8c49-6acf-4f24-b51d-fbbfe3f39af4@85.198.16.242:2052?mode=gun&security=none&encryption=none&type=grpc&serviceName=#%F0%9F%9F%A2%40HinaVPNbot+%D8%B1%D8%A8%D8%A7%D8%AA+%DA%A9%D8%A7%D9%86%D9%81%DB%8C%DA%AF+%D8%B1%D8%A7%DB%8C%DA%AF%D8%A7%D9%86,IPv4 (Loose),85.198.16.242,regex-loose
Unknown,2024-03-17 10:00:07,,vless://626f9b9e-ff4a-4122-9230-80180a8bc789@193.228.91.254:3250?path=%2F%40custom_config&security=none&encryption=none&type=ws#%F0%9F%9F%A2%40HinaVPNbot+%D8%B1%D8%A8%D8%A7%D8%AA+%DA%A9%D8%A7%D9%86%D9%81%DB%8C%DA%AF+%D8%B1%D8%A7%DB%8C%DA%AF%D8%A7%D9%86,IPv4 (Loose),193.228.91.254,regex-loose
Unknown,2024-03-05 12:37:37,,50EB49BA3CDD036447E7C9E641F34A6D,MD5 Hash,50EB49BA3CDD036447E7C9E641F34A6D,regex-md5
Unknown,2024-03-04 05:36:22,,638992A5990710BC1A3D06417C317AA0,MD5 Hash,638992A5990710BC1A3D06417C317AA0,regex-md5
Unknown,2024-04-30 13:46:29,,https://mikrotik.com/product/chateaulte18_ax#fndtn-specifications,URL (Dirty),https://mikrotik.com/product/chateaulte18_ax#fndtn-specifications,regex-greedy
Unknown,2024-04-28 08:14:19,,https://wiki.mikrotik.com/wiki/Manual:Quickset,URL (Dirty),https://wiki.mikrotik.com/wiki/Manual:Quickset,regex-greedy
Unknown,2024-04-26 17:22:19,,https://mikrotiklab.ru/nastrojka/artga-staticheskaya-marshrutizatsiya-na-mikrotik.html,URL (Dirty),https://mikrotiklab.ru/nastrojka/artga-staticheskaya-marshrutizatsiya-na-mikrotik.html,regex-greedy
Unknown,2024-04-26 16:39:58,,"Ð•ÑÑ‚ÑŒ Ð´Ð²Ð° ÑÐ¿Ð¾ÑÐ¾Ð±Ð° Ð³Ð°Ñ€Ð°Ð½Ñ‚Ð¸Ñ€Ð¾Ð²Ð°Ñ‚ÑŒ, Ñ‡Ñ‚Ð¾ Ñ‚Ñ€Ð°Ñ„Ð¸Ðº, Ð²Ñ…Ð¾Ð´ÑÑ‰Ð¸Ð¹ Ð² WAN2, Ð²Ñ‹Ñ…Ð¾Ð´Ð¸Ñ‚ Ð¸Ð· WAN2
Ð’ Ð»ÑŽÐ±Ð¾Ð¼ ÑÐ»ÑƒÑ‡Ð°Ðµ Ð¿Ð¾Ð½Ð°Ð´Ð¾Ð±Ð¸Ñ‚ÑÑ Ñ‚Ð°Ð±Ð»Ð¸Ñ†Ð° Ð¸ ÑÐ»ÐµÐ´ÑƒÑŽÑ‰Ð¸Ð¹ Ð¼Ð°Ñ€ÑˆÑ€ÑƒÑ‚ Ð² Ð´Ð¾Ð¿Ð¾Ð»Ð½ÐµÐ½Ð¸Ðµ Ðº ÑÑ‚Ð°Ð½Ð´Ð°Ñ€Ñ‚Ð½Ð¾Ð¹ Ð¼Ð°Ñ€ÑˆÑ€ÑƒÑ‚Ð¸Ð·Ð°Ñ†Ð¸Ð¸ Ð´Ð»Ñ Ð¾Ð±ÐµÐ¸Ñ… Ð³Ð»Ð¾Ð±Ð°Ð»ÑŒÐ½Ñ‹Ñ… ÑÐµÑ‚ÐµÐ¹........
Ð´Ð¾Ð±Ð°Ð²ÑŒÑ‚Ðµ dst-address=0.0.0.0 ÑˆÐ»ÑŽÐ·=ISP2-ÑˆÐ»ÑŽÐ·-IP Ð¼Ð°Ñ€ÑˆÑ€ÑƒÑ‚Ð½Ð°Ñ Ñ‚Ð°Ð±Ð»Ð¸Ñ†Ð°=TO_WAN2

Ð—Ð°Ñ‚ÐµÐ¼ Ð²Ñ‹ Ð¼Ð¾Ð¶ÐµÑ‚Ðµ Ð¸ÑÐ¿Ð¾Ð»ÑŒÐ·Ð¾Ð²Ð°Ñ‚ÑŒ Ð¼Ð°Ñ€ÑˆÑ€ÑƒÑ‚Ð¸Ð·Ð°Ñ†Ð¸ÑŽ Ð¿Ñ€Ð°Ð²Ð¸Ð»Ð¾ Ð¸Ð»Ð¸ Ð¿Ñ€ÐµÐ¾Ð±Ñ€Ð°Ð·Ð¾Ð²Ð°Ð½Ð¸Ðµ, Ñ‡Ñ‚Ð¾Ð±Ñ‹ Ð³Ð°Ñ€Ð°Ð½Ñ‚Ð¸Ñ€Ð¾Ð²Ð°Ñ‚ÑŒ, Ñ‡Ñ‚Ð¾ Ñ‚Ñ€Ð°Ñ„Ð¸Ðº, Ð¿Ð¾Ð¿Ð°Ð´Ð°ÑŽÑ‰Ð¸Ð¹ Ð² WAN2 (Ñ€ÑƒÐºÐ¾Ð¿Ð¾Ð¶Ð°Ñ‚Ð¸Ðµ), Ð²Ð¾Ð·Ð²Ñ€Ð°Ñ‰Ð°ÐµÑ‚ÑÑ Ð¾Ð±Ñ€Ð°Ñ‚Ð½Ð¾ Ð² WAN2
/ Ð¿Ñ€Ð°Ð²Ð¸Ð»Ð¾ Ð¼Ð°Ñ€ÑˆÑ€ÑƒÑ‚Ð¸Ð·Ð°Ñ†Ð¸Ð¸
add action=lookup-only-in-table src-address=WAN2-IP-address table=TO_WAN2

/ip firewall mangle
add chain=prerouting action=mark-connection connection-mark=no-mark \
in-interface=WAN_2 new-connection-mark=incomingWAN2 passthrough=yes
add chain=output action=mark-routing connection-mark=incomingWAN2
new-routing mark=TO_WAN2 passthrough=no

Note1: add action=fasttrack-connection chain=forward comment=""defconf: fasttrack"" \
connection-state=established,related hw-offload=yes connection-mark=no-mark",IPv4 (Loose),0.0.0.0,regex-loose
Unknown,2024-04-26 16:11:16,,https://mikrotik-training.ru/kb/bazovaya-nastrojka-tochki-dostupa-wi-fi-na-mikrotik-router-os/,URL (Dirty),https://mikrotik-training.ru/kb/bazovaya-nastrojka-tochki-dostupa-wi-fi-na-mikrotik-router-os/,regex-greedy
Unknown,2024-04-26 15:21:25,,https://interface31.ru/tech_it/2021/07/nastroyka-tunneley-gre-i-ipip-na-routerah-mikrotik.html,URL (Dirty),https://interface31.ru/tech_it/2021/07/nastroyka-tunneley-gre-i-ipip-na-routerah-mikrotik.html,regex-greedy
Unknown,2024-04-26 12:59:31,,https://cloud.mail.ru/public/jgfw/1gvXvPSyh,URL (Dirty),https://cloud.mail.ru/public/jgfw/1gvXvPSyh,regex-greedy
Unknown,2024-04-26 09:14:31,,https://help.mikrotik.com/docs/display/ROS/Policy+Routing,URL (Dirty),https://help.mikrotik.com/docs/display/ROS/Policy+Routing,regex-greedy
Unknown,2024-04-26 08:49:06,,https://habr.com/ru/articles/463813/,URL (Dirty),https://habr.com/ru/articles/463813/,regex-greedy
Unknown,2024-04-25 13:16:52,,"ÑÐ¾ÐµÐ´Ð¸Ð½Ð¸Ñ‚ÑŒ 5 Ñ„Ð¸Ð»Ð¸Ð°Ð»Ð¾Ð² Ð¸ Ð¿ÑƒÑÑ‚Ð¸Ñ‚ÑŒ Ð²ÐµÑÑŒ Ñ‚Ñ€Ð°Ñ„Ð¸Ðº Ñ‡ÐµÑ€ÐµÐ· Ð“Ðž (Ð“Ð¾Ð»Ð¾Ð²Ð½Ð¾Ð¹ Ð¾Ñ„Ð¸Ñ)
Ð±Ñ‹Ð»Ð¾ Ð¿Ñ€Ð¸Ð½ÑÑ‚Ð¾ Ñ€ÐµÑˆÐµÐ½Ð¸Ðµ Ð½Ð°ÑÑ‚Ñ€Ð¾Ð¸Ñ‚ÑŒ ipsec ikev2 Ð¸ Ð¿ÑƒÑÑ‚Ð¸Ñ‚ÑŒ Ð² gre 

https://mikrotik.wiki/wiki/VPN:GRE_%D0%B8_IPsec_(%D1%82%D0%BE%D0%BD%D0%BA%D0%B0%D1%8F_%D0%BD%D0%B0%D1%81%D1%82%D1%80%D0%BE%D0%B9%D0%BA%D0%B0,_%D0%B0%D1%83%D1%82%D0%B5%D0%BD%D1%82%D0%B8%D1%84%D0%B8%D0%BA%D0%B0%D1%86%D0%B8%D1%8F_%D1%81_%D0%BF%D0%BE%D0%BC%D0%BE%D1%89%D1%8C%D1%8E_%D0%BF%D0%B0%D1%80%D0%BE%D0%BB%D1%8F)",URL (Dirty),"https://mikrotik.wiki/wiki/VPN:GRE_%D0%B8_IPsec_(%D1%82%D0%BE%D0%BD%D0%BA%D0%B0%D1%8F_%D0%BD%D0%B0%D1%81%D1%82%D1%80%D0%BE%D0%B9%D0%BA%D0%B0,_%D0%B0%D1%83%D1%82%D0%B5%D0%BD%D1%82%D0%B8%D1%84%D0%B8%D0%BA%D0%B0%D1%86%D0%B8%D1%8F_%D1%81_%D0%BF%D0%BE%D0%BC%D0%BE%D1%89%D1%8C%D1%8E_%D0%BF%D0%B0%D1%80%D0%BE%D0%BB%D1%8F)",regex-greedy
Unknown,2024-04-25 08:49:23,,https://help.mikrotik.com/docs/display/ROS/RouterOS+license+keys,URL (Dirty),https://help.mikrotik.com/docs/display/ROS/RouterOS+license+keys,regex-greedy
Unknown,2024-04-25 06:00:42,,"https://wiki.mikrotik.com/wiki/Manual:Interface/PPTP#PPTP_Client

ÐÑƒ Ð¸ Ð² Ñ†ÐµÐ»Ð¾Ð¼: https://www.google.com/search?q=mikrotik+pptp+client",URL (Dirty),https://wiki.mikrotik.com/wiki/Manual:Interface/PPTP#PPTP_Client,regex-greedy
Unknown,2024-04-24 14:18:16,,"http://mkrtk.ru/wb0424qos
""ÐÐµÑ‚ Ð´Ð¾ÑÑ‚ÑƒÐ¿Ð°""ðŸ˜¢",URL (Dirty),http://mkrtk.ru/wb0424qos,regex-greedy
Unknown,2024-04-24 10:55:21,,"% Abuse contact for '77.48.18.224 - 77.48.18.255' is 'abuse@vodafone.cz'
ÐŸÐ¸ÑˆÐ¸Ñ‚Ðµ Ð¿Ð¸ÑÑŒÐ¼Ð°",IPv4 (Loose),77.48.18.224,regex-loose
Unknown,2024-04-24 10:55:21,,"% Abuse contact for '77.48.18.224 - 77.48.18.255' is 'abuse@vodafone.cz'
ÐŸÐ¸ÑˆÐ¸Ñ‚Ðµ Ð¿Ð¸ÑÑŒÐ¼Ð°",IPv4 (Loose),77.48.18.255,regex-loose
Unknown,2024-04-24 10:29:31,,https://www.abuseipdb.com/check/77.48.18.244,URL (Dirty),https://www.abuseipdb.com/check/77.48.18.244,regex-greedy
Unknown,2024-04-24 10:29:31,,https://www.abuseipdb.com/check/77.48.18.244,IPv4 (Loose),77.48.18.244,regex-loose
Unknown,2024-04-24 08:36:35,,"Ð”Ð°, Ð´ÐµÐ¹ÑÑ‚Ð²Ð¸Ñ‚ÐµÐ»ÑŒÐ½Ð¾ Ð¸Ð¼ÐµÐ½Ð½Ð¾ Ñ‚Ð°Ðº
https://community.cisco.com/t5/network-security/nat-rules-and-quot-proxy-arp-quot-cisco-asa5555x/td-p/2794881",URL (Dirty),https://community.cisco.com/t5/network-security/nat-rules-and-quot-proxy-arp-quot-cisco-asa5555x/td-p/2794881,regex-greedy
Unknown,2024-04-24 08:16:12,,ip nat pool OUTSIDE 1.1.1.3 1.1.1.4 netmask 255.255.255.248,IPv4 (Loose),1.1.1.3,regex-loose
Unknown,2024-04-24 08:16:12,,ip nat pool OUTSIDE 1.1.1.3 1.1.1.4 netmask 255.255.255.248,IPv4 (Loose),1.1.1.4,regex-loose
Unknown,2024-04-24 08:16:12,,ip nat pool OUTSIDE 1.1.1.3 1.1.1.4 netmask 255.255.255.248,IPv4 (Loose),255.255.255.248,regex-loose
Unknown,2024-04-24 08:12:23,,ÑÐºÐ¾Ñ€ÐµÐµ Ð²ÑÐµÐ³Ð¾ 1.1.1.2,IPv4 (Loose),1.1.1.2,regex-loose
Unknown,2024-04-24 07:30:59,,"/ip address add address=10.108.108.1/24 interface=ether1
/ip address add address=10.10.10.1/16 interface=ether2
/ip route add dst-address=0.0.0.0/0 gateway=10.108.108.254
/ip firewall nat add action=src-nat chain=srcnat out-interface=ether1 src-address=10.10.10.0/16 to-addresses=172.16.20.1/24",IPv4 (Loose),172.16.20.1,regex-loose
Unknown,2024-04-24 06:37:23,,https://i.mt.lv/cdn/rb_images/1267_hi_res.png,URL (Dirty),https://i.mt.lv/cdn/rb_images/1267_hi_res.png,regex-greedy
Unknown,2024-04-23 18:05:47,,":global telegramBotToken ""ÑÐµÐºÑ€ÐµÑ‚"";
:global telegramChatID ""5980639914"";
:local message (""Device "" . [/system identity get name] . "" has booted up."");
:local apiURL (""https://api.telegram.org/bot"" . $telegramBotToken . ""/sendMessage"");
:local postData (""chat_id="" . $telegramChatID . ""&text="" . $message);
/tool fetch url=$apiURL http-method=post http-data=$postData",URL (Dirty),"https://api.telegram.org/bot""",regex-greedy
Unknown,2024-04-23 16:06:11,,https://it4allsite.wordpress.com/2019/03/21/trunk-and-access-ports-on-mikrotik-switch-with-routeros/,URL (Dirty),https://it4allsite.wordpress.com/2019/03/21/trunk-and-access-ports-on-mikrotik-switch-with-routeros/,regex-greedy
Unknown,2024-04-23 15:35:40,,"https://sysadminium.ru/mikrotik_router_backup_with_vrrp/?ysclid=lvcjqbm3l7638799558

Ð² Ð´Ð¾Ð³Ð¾Ð½ÐºÑƒ, ÐºÐ°Ðº Ð²Ð°Ñ€Ð¸Ð°Ð½Ñ‚",URL (Dirty),https://sysadminium.ru/mikrotik_router_backup_with_vrrp/?ysclid=lvcjqbm3l7638799558,regex-greedy
Unknown,2024-04-23 14:18:14,,https://mikrotik.com/products/matrix,URL (Dirty),https://mikrotik.com/products/matrix,regex-greedy
Unknown,2024-04-23 14:03:42,,https://mikrotik.com/product/hap_ac3_lte6_kit#fndtn-specifications,URL (Dirty),https://mikrotik.com/product/hap_ac3_lte6_kit#fndtn-specifications,regex-greedy
Unknown,2024-04-23 13:41:19,,https://help.mikrotik.com/docs/display/ROS/Software+Specifications#SoftwareSpecifications-HardwareSupport,URL (Dirty),https://help.mikrotik.com/docs/display/ROS/Software+Specifications#SoftwareSpecifications-HardwareSupport,regex-greedy
Unknown,2024-04-23 13:33:59,,https://help.mikrotik.com/docs/display/ROS/REST+API,URL (Dirty),https://help.mikrotik.com/docs/display/ROS/REST+API,regex-greedy
Unknown,2024-04-23 11:36:52,,"Ð¿Ð¾Ð¿Ñ€Ð°Ð²Ð¸Ð» Ñ‚Ð°Ðº Ð¸ Ð·Ð°Ñ€Ð°Ð±Ð¾Ñ‚Ð°Ð»Ð¾ 13    ;;; drop trafic
      chain=forward action=drop connection-nat-state=!dstnat src-address=192.168.10.0/24 dst-address=172.30.200.0/23 log=no log-prefix=""""",IPv4 (Loose),172.30.200.0,regex-loose
Unknown,2024-04-23 05:35:41,,"Tandem-4G12-OEM-1 (Ð§Ð°ÑÑ‚ÑŒ) | MICRODRIVE
https://www.micro-drive.ru/products/tandem-4g12-oem-1-(chast)",URL (Dirty),https://www.micro-drive.ru/products/tandem-4g12-oem-1-(chast),regex-greedy
Unknown,2024-04-22 19:23:51,,https://help.mikrotik.com/docs/display/ROS/Layer2+misconfiguration,URL (Dirty),https://help.mikrotik.com/docs/display/ROS/Layer2+misconfiguration,regex-greedy
Unknown,2024-04-22 19:14:27,,Ñ‚Ð¾Ð³Ð´Ð° 2324   https://docs.eltex-co.ru/pages/viewpage.action?pageId=45461720,URL (Dirty),https://docs.eltex-co.ru/pages/viewpage.action?pageId=45461720,regex-greedy
Unknown,2024-04-22 11:59:23,,"Ð§ÐµÑ€ÐµÐ· 5 Ð¼Ð¸Ð½ÑƒÑ‚ Ð½Ð°Ñ‡Ð¸Ð½Ð°ÐµÐ¼ Ð¿Ð¾Ð´ÐºÐ°ÑÑ‚ Ð¿Ñ€Ð¾ TACACS

- https://youtube.com/live/80CVLXCrr7U
- https://linkmeup.ru/blog/2484/

ÐœÑƒÐ·Ñ‹Ñ‡ÐºÐ° ÑƒÐ¶Ðµ Ð¸Ð´Ñ‘Ñ‚",URL (Dirty),https://linkmeup.ru/blog/2484/,regex-greedy
Unknown,2024-04-22 11:28:48,,"Ð¥Ð¾Ñ€Ð¾ÑˆÐ¸Ð¹ Ð²Ð°Ñ€Ð¸Ð°Ð½Ñ‚

Ð˜Ð»Ð¸ Ð¼Ð¾Ð¶Ð½Ð¾

https://xn----7sba7aachdbqfnhtigrl.xn--p1ai/2wan-routeros-7/",URL (Dirty),https://xn----7sba7aachdbqfnhtigrl.xn--p1ai/2wan-routeros-7/,regex-greedy
Unknown,2024-04-22 09:33:46,,ÐœÐ¾Ð³Ñƒ https://pastebin.com/wFA5UKfX (MikroTik RouterBOARD RB5009UPr+S+IN + RBcAPGi-5acD2nD),URL (Dirty),https://pastebin.com/wFA5UKfX,regex-greedy
Unknown,2024-04-21 12:24:29,,https://www.onlinetrade.ru/catalogue/aksessuary_dlya_setevogo_oborudovaniya-c5299/mikrotik/aksessuar_dlya_setevogo_oborudovaniya_mikrotik_24hpow-622385.html?etext=2202.XRwwhRDms4qgI4Ir_kWAVt_Ys-16Jdl1N0vHQ2PjQQkc6T87f9f95Q92HJKf0OhrbWx6cWRkaWV4ZnNzcGVzZg.b9bc2de40bb0f0b11a13eac01aca99e03cdb87ff&yclid=2356044856190042111#tabs_description,URL (Dirty),https://www.onlinetrade.ru/catalogue/aksessuary_dlya_setevogo_oborudovaniya-c5299/mikrotik/aksessuar_dlya_setevogo_oborudovaniya_mikrotik_24hpow-622385.html?etext=2202.XRwwhRDms4qgI4Ir_kWAVt_Ys-16Jdl1N0vHQ2PjQQkc6T87f9f95Q92HJKf0OhrbWx6cWRkaWV4ZnNzcGVzZg.b9bc2de40bb0f0b11a13eac01aca99e03cdb87ff&yclid=2356044856190042111#tabs_description,regex-greedy
Unknown,2024-04-21 10:24:30,,"ÐÐ´Ð°Ð¿Ñ‚ÐµÑ€ PPP SSTP_88_99:

   DNS-ÑÑƒÑ„Ñ„Ð¸ÐºÑ Ð¿Ð¾Ð´ÐºÐ»ÑŽÑ‡ÐµÐ½Ð¸Ñ . . . . . :
   IPv4-Ð°Ð´Ñ€ÐµÑ. . . . . . . . . . . . : 10.20.0.120
   ÐœÐ°ÑÐºÐ° Ð¿Ð¾Ð´ÑÐµÑ‚Ð¸ . . . . . . . . . . : 255.255.255.255
   ÐžÑÐ½Ð¾Ð²Ð½Ð¾Ð¹ ÑˆÐ»ÑŽÐ·. . . . . . . . . :",IPv4 (Loose),255.255.255.255,regex-loose
Unknown,2024-04-21 09:38:07,,"ÑÑ…ÐµÐ¼Ñƒ Ñ
https://app.diagrams.net/",URL (Dirty),https://app.diagrams.net/,regex-greedy
Unknown,2024-04-20 18:52:51,,https://help.mikrotik.com/docs/display/ROS/Command+Line+Interface#CommandLineInterface-ItemNumbers,URL (Dirty),https://help.mikrotik.com/docs/display/ROS/Command+Line+Interface#CommandLineInterface-ItemNumbers,regex-greedy
Unknown,2024-04-20 05:11:56,,iperf3 Ð¾ÐºÐ°Ð·Ñ‹Ð²Ð°ÐµÑ‚ÑÑ Ð½ÐµÑ‚Ð¾Ñ€Ñ‚ https://habr.com/ru/news/808967/,URL (Dirty),https://habr.com/ru/news/808967/,regex-greedy
Unknown,2024-04-18 13:04:45,,https://help.mikrotik.com/docs/display/ROS/First+Time+Configuration,URL (Dirty),https://help.mikrotik.com/docs/display/ROS/First+Time+Configuration,regex-greedy
Unknown,2024-04-18 11:54:42,,https://help.mikrotik.com/docs/display/ROS/MikroTik+wired+interface+compatibility,URL (Dirty),https://help.mikrotik.com/docs/display/ROS/MikroTik+wired+interface+compatibility,regex-greedy
Unknown,2024-04-18 05:18:44,,https://i.mt.lv/cdn/product_files/RB3011UiAS-160307123613_160313.png,URL (Dirty),https://i.mt.lv/cdn/product_files/RB3011UiAS-160307123613_160313.png,regex-greedy
Unknown,2024-04-18 05:15:13,,https://habr.com/ru/articles/536648/,URL (Dirty),https://habr.com/ru/articles/536648/,regex-greedy
Unknown,2024-04-17 13:51:41,,https://help.keenetic.com/hc/en-us/articles/360000991640-Firewall-rule-examples,URL (Dirty),https://help.keenetic.com/hc/en-us/articles/360000991640-Firewall-rule-examples,regex-greedy
Unknown,2024-04-17 09:46:29,,"https://bgp.he.net/search?search%5Bsearch%5D=Youtube&commit=Search    Ð‘Ð»Ð¾ÐºÐ¸Ñ€ÑƒÐ¹, Ð•ÑÑ‚ÑŒ Ñ‚Ð¾Ð½ÐºÐ¾ÑÑ‚Ð¸â€¦",URL (Dirty),https://bgp.he.net/search?search%5Bsearch%5D=Youtube&commit=Search,regex-greedy
Unknown,2024-04-16 10:34:42,,https://myvpn.host/ru/instructions/ikev2/android.html,URL (Dirty),https://myvpn.host/ru/instructions/ikev2/android.html,regex-greedy
Unknown,2024-04-13 18:15:01,,"https://antex-e.ru/store/antenny-s-boksom-box/vika-27-mimo-box---setchataya-parabolicheskaya-antenna-lte180/
Ð§Ñ‚Ð¾-Ñ‚Ð¾ Ð¿Ð¾Ð´Ð¾Ð±Ð½Ð¾Ðµ",URL (Dirty),https://antex-e.ru/store/antenny-s-boksom-box/vika-27-mimo-box---setchataya-parabolicheskaya-antenna-lte180/,regex-greedy
Unknown,2024-04-13 13:34:04,,Ñ Ñ‚ÑƒÑ‚ Ð½Ð°ÑˆÐµÐ» https://packetstormsecurity.com/files/177811/RouterOS-6.44-6.49.10-Denial-Of-Service.html,URL (Dirty),https://packetstormsecurity.com/files/177811/RouterOS-6.44-6.49.10-Denial-Of-Service.html,regex-greedy
Unknown,2024-04-13 09:30:31,,https://imgur.com/a/ux87LBV,URL (Dirty),https://imgur.com/a/ux87LBV,regex-greedy
Unknown,2024-04-12 14:17:39,,https://pastebin.com/8thRnGun,URL (Dirty),https://pastebin.com/8thRnGun,regex-greedy
Unknown,2024-04-12 13:50:59,,Ð¢ÑƒÑ‚ ÐµÑ‰Ðµ Ð¿Ð¸ÑˆÑƒÑ‚: https://forum.mikrotik.com/viewtopic.php?t=174586,URL (Dirty),https://forum.mikrotik.com/viewtopic.php?t=174586,regex-greedy
Unknown,2024-04-12 13:45:18,,Ð¯ Ð¿Ñ€Ð¾ÐºÐ¸Ð´Ñ‹Ð²Ð°Ð» https://nometa.xyz/ru.html,URL (Dirty),https://nometa.xyz/ru.html,regex-greedy
Unknown,2024-04-11 17:55:21,,"ÐšÐ¾Ð½ÐµÑ‡Ð½Ð¾ ÐµÑÑ‚ÑŒ 
https://help.mikrotik.com/docs/display/ROS/Netinstall",URL (Dirty),https://help.mikrotik.com/docs/display/ROS/Netinstall,regex-greedy
Unknown,2024-04-11 17:53:59,,Ð¯ Ð²Ñ‡ÐµÑ€Ð° Ð¿Ð¾ ÑÑ‚Ð¾Ð¹ Ð¸Ð½ÑÑ‚Ñ€ÑƒÐºÑ†Ð¸Ð¸ Ð´ÐµÐ»Ð°Ð» https://mikrotiklab.ru/pomoshh/artga-netinstall.html,URL (Dirty),https://mikrotiklab.ru/pomoshh/artga-netinstall.html,regex-greedy
Unknown,2024-04-11 17:25:45,,"https://mikrotik-training.ru/kb/protokol-dinamicheskoj-marshrutizatsii-rip/

https://help.mikrotik.com/docs/display/ROS/RIP",URL (Dirty),https://mikrotik-training.ru/kb/protokol-dinamicheskoj-marshrutizatsii-rip/,regex-greedy
Unknown,2024-04-11 17:25:45,,"https://mikrotik-training.ru/kb/protokol-dinamicheskoj-marshrutizatsii-rip/

https://help.mikrotik.com/docs/display/ROS/RIP",URL (Dirty),https://help.mikrotik.com/docs/display/ROS/RIP,regex-greedy
Unknown,2024-04-11 11:46:38,,"""ÐžÑ„Ð¸Ñ†Ð¸Ð°Ð»ÑŒÐ½Ñ‹Ð¹ Ð¾Ñ‚Ð²ÐµÑ‚ Ñ‚ÐµÑ…Ð¿Ð¾Ð´Ð´ÐµÑ€Ð¶ÐºÐ¸:

Ð•ÑÐ»Ð¸ Ð»Ð¸Ñ†ÐµÐ½Ð·Ð¸Ñ Ð±Ñ‹Ð»Ð° Ð¿Ð¾Ñ‚ÐµÑ€ÑÐ½Ð° Ð¸Ð·-Ð·Ð° Ñ€ÐµÐ¼Ð¾Ð½Ñ‚Ð°, Ð¸ Ð¾Ð½Ð° Ð½Ðµ Ð±Ñ‹Ð»Ð° ÑÐ´ÐµÐ»Ð°Ð½Ð° Ñ‡ÐµÑ€ÐµÐ· Ð´Ð¸ÑÑ‚Ñ€Ð¸Ð±ÑŒÑŽÑ‚Ð¾Ñ€Ð° Ð¿Ð¾ Ð³Ð°Ñ€Ð°Ð½Ñ‚Ð¸Ð¸, Ð²Ð°Ð¼ Ð¿Ñ€Ð¸Ð´ÐµÑ‚ÑÑ ÐºÑƒÐ¿Ð¸Ñ‚ÑŒ Ð½Ð¾Ð²ÑƒÑŽ Ð»Ð¸Ñ†ÐµÐ½Ð·Ð¸ÑŽ RouterOS Ð·Ð° Ð¿Ð¾Ð»Ð½ÑƒÑŽ ÑÑ‚Ð¾Ð¸Ð¼Ð¾ÑÑ‚ÑŒ.""
Ð˜ Ð½Ðµ Ñ„Ð°ÐºÑ‚ Ñ‡Ñ‚Ð¾ Ð±ÑƒÐ´ÐµÑ‚ Ñ€Ð°Ð±Ð¾Ñ‚Ð°Ñ‚ÑŒ. 
 https://forummikrotik.ru/viewtopic.php?t=7559&start=30#:~:text=%D0%9E%D1%84%D0%B8%D1%86%D0%B8%D0%B0%D0%BB%D1%8C%D0%BD%D1%8B%D0%B9%20%D0%BE%D1%82%D0%B2%D0%B5%D1%82%20%D1%82%D0%B5%D1%85%D0%BF%D0%BE%D0%B4%D0%B4%D0%B5%D1%80%D0%B6%D0%BA%D0%B8%3A%0A%0A%D0%95%D1%81%D0%BB%D0%B8%20%D0%BB%D0%B8%D1%86%D0%B5%D0%BD%D0%B7%D0%B8%D1%8F%20%D0%B1%D1%8B%D0%BB%D0%B0%20%D0%BF%D0%BE%D1%82%D0%B5%D1%80%D1%8F%D0%BD%D0%B0%20%D0%B8%D0%B7%2D%D0%B7%D0%B0%20%D1%80%D0%B5%D0%BC%D0%BE%D0%BD%D1%82%D0%B0%2C%20%D0%B8%20%D0%BE%D0%BD%D0%B0%20%D0%BD%D0%B5%20%D0%B1%D1%8B%D0%BB%D0%B0%20%D1%81%D0%B4%D0%B5%D0%BB%D0%B0%D0%BD%D0%B0%20%D1%87%D0%B5%D1%80%D0%B5%D0%B7%20%D0%B4%D0%B8%D1%81%D1%82%D1%80%D0%B8%D0%B1%D1%8C%D1%8E%D1%82%D0%BE%D1%80%D0%B0%20%D0%BF%D0%BE%20%D0%B3%D0%B0%D1%80%D0%B0%D0%BD%D1%82%D0%B8%D0%B8%2C%20%D0%B2%D0%B0%D0%BC%20%D0%BF%D1%80%D0%B8%D0%B4%D0%B5%D1%82%D1%81%D1%8F%20%D0%BA%D1%83%D0%BF%D0%B8%D1%82%D1%8C%20%D0%BD%D0%BE%D0%B2%D1%83%D1%8E%20%D0%BB%D0%B8%D1%86%D0%B5%D0%BD%D0%B7%D0%B8%D1%8E%20RouterOS%20%D0%B7%D0%B0%20%D0%BF%D0%BE%D0%BB%D0%BD%D1%83%D1%8E%20%D1%81%D1%82%D0%BE%D0%B8%D0%BC%D0%BE%D1%81%D1%82%D1%8C.",URL (Dirty),https://forummikrotik.ru/viewtopic.php?t=7559&start=30#:~:text=%D0%9E%D1%84%D0%B8%D1%86%D0%B8%D0%B0%D0%BB%D1%8C%D0%BD%D1%8B%D0%B9%20%D0%BE%D1%82%D0%B2%D0%B5%D1%82%20%D1%82%D0%B5%D1%85%D0%BF%D0%BE%D0%B4%D0%B4%D0%B5%D1%80%D0%B6%D0%BA%D0%B8%3A%0A%0A%D0%95%D1%81%D0%BB%D0%B8%20%D0%BB%D0%B8%D1%86%D0%B5%D0%BD%D0%B7%D0%B8%D1%8F%20%D0%B1%D1%8B%D0%BB%D0%B0%20%D0%BF%D0%BE%D1%82%D0%B5%D1%80%D1%8F%D0%BD%D0%B0%20%D0%B8%D0%B7%2D%D0%B7%D0%B0%20%D1%80%D0%B5%D0%BC%D0%BE%D0%BD%D1%82%D0%B0%2C%20%D0%B8%20%D0%BE%D0%BD%D0%B0%20%D0%BD%D0%B5%20%D0%B1%D1%8B%D0%BB%D0%B0%20%D1%81%D0%B4%D0%B5%D0%BB%D0%B0%D0%BD%D0%B0%20%D1%87%D0%B5%D1%80%D0%B5%D0%B7%20%D0%B4%D0%B8%D1%81%D1%82%D1%80%D0%B8%D0%B1%D1%8C%D1%8E%D1%82%D0%BE%D1%80%D0%B0%20%D0%BF%D0%BE%20%D0%B3%D0%B0%D1%80%D0%B0%D0%BD%D1%82%D0%B8%D0%B8%2C%20%D0%B2%D0%B0%D0%BC%20%D0%BF%D1%80%D0%B8%D0%B4%D0%B5%D1%82%D1%81%D1%8F%20%D0%BA%D1%83%D0%BF%D0%B8%D1%82%D1%8C%20%D0%BD%D0%BE%D0%B2%D1%83%D1%8E%20%D0%BB%D0%B8%D1%86%D0%B5%D0%BD%D0%B7%D0%B8%D1%8E%20RouterOS%20%D0%B7%D0%B0%20%D0%BF%D0%BE%D0%BB%D0%BD%D1%83%D1%8E%20%D1%81%D1%82%D0%BE%D0%B8%D0%BC%D0%BE%D1%81%D1%82%D1%8C.,regex-greedy
Unknown,2024-04-11 07:01:08,,https://forummikrotik.ru/viewtopic.php?t=7559,URL (Dirty),https://forummikrotik.ru/viewtopic.php?t=7559,regex-greedy
Unknown,2024-04-10 15:49:39,,"Ð’Ð¾Ñ‚ Ð½Ð°Ð¿Ñ€Ð¸Ð¼ÐµÑ€
https://habr.com/ru/articles/505416/
Ð Ð² Ð±ÐµÐ·Ð¾Ð¿Ð°ÑÐ½Ð¾ÑÑ‚Ð¸ Ð²Ð¸Ñ€Ñ‚ÑƒÐ°Ð»ÑŒÐ½Ð¾Ð³Ð¾ Ð±ÐµÑÐ¿Ñ€Ð¾Ð²Ð¾Ð´Ð½Ð¾Ð³Ð¾ Ð¸Ð½Ñ‚ÐµÑ€Ñ„ÐµÐ¹ÑÐ° ÐºÐ¾Ñ‚Ð¾Ñ€Ñ‹Ð¹ Ð±ÑƒÐ´ÐµÑ‚ Ð°Ð²Ñ‚Ð¾Ð¼Ð°Ñ‚Ð¸Ñ‡ÐµÑÐºÐ¸ ÑÐ¾Ð·Ð´Ð°Ð½ ÑÐ¼Ð¾Ð¶ÐµÑ‚Ðµ Ð¿Ð¾Ð¼ÐµÐ½ÑÑ‚ÑŒ Ð¿Ð°Ñ€Ð¾Ð»ÑŒ",URL (Dirty),https://habr.com/ru/articles/505416/,regex-greedy
Unknown,2024-04-10 14:25:33,,"https://www.exploit-db.com/exploits/51931
Ñ‚ÐµÑÑ‚Ð¸Ñ€ÑƒÐ¹)",URL (Dirty),https://www.exploit-db.com/exploits/51931,regex-greedy
Unknown,2024-04-10 13:34:16,,https://www.labirint.ru/books/737421/,URL (Dirty),https://www.labirint.ru/books/737421/,regex-greedy
Unknown,2024-04-10 09:49:15,,"Ð”Ð»Ñ Ð½Ð°Ñ‡Ð°Ð»Ð° Ð¿Ð¾ÑÑÐ½Ð¸Ñ‚Ðµ, ÐºÐ°Ðº Ð’Ñ‹ Ñ€ÐµÐ·ÐµÑ€Ð²Ð¸Ñ€ÑƒÐµÑ‚Ðµ (Ð¸Ð»Ð¸ Ð¿Ð»Ð°Ð½Ð¸Ñ€ÑƒÐµÑ‚Ðµ Ñ€ÐµÐ·ÐµÑ€Ð²Ð¸Ñ€Ð¾Ð²Ð°Ñ‚ÑŒ) ÐºÐ»Ð¸ÐµÐ½Ñ‚ÑÐºÐ¸Ðµ Ñ‚Ð¾Ð½Ð½ÐµÐ»ÑŒÐ½Ñ‹Ðµ Ð¿Ð¾Ð´ÐºÐ»ÑŽÑ‡ÐµÐ½Ð¸Ñ. Ð’ Ð¿Ñ€Ð¾Ñ‚Ð¸Ð²Ð½Ð¾Ð¼ Ð¶Ðµ ÑÐ»ÑƒÑ‡Ð°Ðµ, Ñ‡Ñ‚Ð¾ Ð¼ÐµÐ½ÑÐµÑ‚ÑÑ Ð²Ð½ÑƒÑ‚Ñ€Ð¸, ÐµÑÐ»Ð¸ ÐºÐ»Ð¸ÐµÐ½Ñ‚ Ð¿Ð¾ÑÑ‚ÑƒÑ‡Ð°Ð»ÑÑ Ð½Ðµ Ð½Ð° Ð²Ð½ÐµÑˆÐ½Ð¸Ð¹ Ð¸Ð¿ 1.1.1.1, Ð° Ð½Ð° 2.2.2.2 Ð½Ð°Ð¿Ñ€Ð¸Ð¼ÐµÑ€?",IPv4 (Loose),1.1.1.1,regex-loose
Unknown,2024-04-10 09:49:15,,"Ð”Ð»Ñ Ð½Ð°Ñ‡Ð°Ð»Ð° Ð¿Ð¾ÑÑÐ½Ð¸Ñ‚Ðµ, ÐºÐ°Ðº Ð’Ñ‹ Ñ€ÐµÐ·ÐµÑ€Ð²Ð¸Ñ€ÑƒÐµÑ‚Ðµ (Ð¸Ð»Ð¸ Ð¿Ð»Ð°Ð½Ð¸Ñ€ÑƒÐµÑ‚Ðµ Ñ€ÐµÐ·ÐµÑ€Ð²Ð¸Ñ€Ð¾Ð²Ð°Ñ‚ÑŒ) ÐºÐ»Ð¸ÐµÐ½Ñ‚ÑÐºÐ¸Ðµ Ñ‚Ð¾Ð½Ð½ÐµÐ»ÑŒÐ½Ñ‹Ðµ Ð¿Ð¾Ð´ÐºÐ»ÑŽÑ‡ÐµÐ½Ð¸Ñ. Ð’ Ð¿Ñ€Ð¾Ñ‚Ð¸Ð²Ð½Ð¾Ð¼ Ð¶Ðµ ÑÐ»ÑƒÑ‡Ð°Ðµ, Ñ‡Ñ‚Ð¾ Ð¼ÐµÐ½ÑÐµÑ‚ÑÑ Ð²Ð½ÑƒÑ‚Ñ€Ð¸, ÐµÑÐ»Ð¸ ÐºÐ»Ð¸ÐµÐ½Ñ‚ Ð¿Ð¾ÑÑ‚ÑƒÑ‡Ð°Ð»ÑÑ Ð½Ðµ Ð½Ð° Ð²Ð½ÐµÑˆÐ½Ð¸Ð¹ Ð¸Ð¿ 1.1.1.1, Ð° Ð½Ð° 2.2.2.2 Ð½Ð°Ð¿Ñ€Ð¸Ð¼ÐµÑ€?",IPv4 (Loose),2.2.2.2,regex-loose
Unknown,2024-04-10 06:15:06,,https://help.mikrotik.com/docs/display/ROS/MACVLAN,URL (Dirty),https://help.mikrotik.com/docs/display/ROS/MACVLAN,regex-greedy
Unknown,2024-04-10 03:13:43,,https://help.mikrotik.com/docs/display/ROS/User+Manager,URL (Dirty),https://help.mikrotik.com/docs/display/ROS/User+Manager,regex-greedy
Unknown,2024-04-09 20:57:59,,https://mikrotik.com/product/hap_ax3,URL (Dirty),https://mikrotik.com/product/hap_ax3,regex-greedy
Unknown,2024-04-09 10:21:12,,https://wiki.mikrotik.com/wiki/Manual:CHR_Hyper-V_installation,URL (Dirty),https://wiki.mikrotik.com/wiki/Manual:CHR_Hyper-V_installation,regex-greedy
Unknown,2024-04-09 09:04:11,,https://mikrotik.com/download,URL (Dirty),https://mikrotik.com/download,regex-greedy
Unknown,2024-04-09 08:15:10,,https://help.mikrotik.com/docs/display/ROS/Bridge+VLAN+Table,URL (Dirty),https://help.mikrotik.com/docs/display/ROS/Bridge+VLAN+Table,regex-greedy
Unknown,2024-04-09 06:05:27,,"Ð¨Ð°Ð³ 1
/ip dns static add name=clamav.net type=FWD forward-to=10.100.1.1 address-list=vpn-domains match-subdomain=yes

Ð”ÐµÐ»Ð°ÐµÐ¼ dig www.clamav.net, Ð² Ð°Ð´Ñ€ÐµÑ Ð»Ð¸ÑÑ‚Ðµ Ð¿Ð¾ÑÐ²Ð»ÑÑŽÑ‚ÑÑ Ð´Ð²Ð° IP 104.16.218.84 Ð¸ 104.16.219.84

Ð¨Ð°Ð³ 2
Ð¡Ð¾Ð·Ð´Ð°Ñ‚ÑŒ Ð¼Ð°Ñ€ÑˆÑ€ÑƒÑ‚Ñ‹ Ð´Ð»Ñ ÑÑ‚Ð¸Ñ… Ð°Ð´Ñ€ÐµÑÐ¾Ð².


ÐŸÐ¾Ð¼Ð¾Ð³Ð¸Ñ‚Ðµ ÑÐ¾ Ð²Ñ‚Ð¾Ñ€Ñ‹Ð¼ ÑˆÐ°Ð³Ð¾Ð¼ - ÑÐ¿Ð¾Ñ‚Ñ‹ÐºÐ°ÑŽÑÑŒ",IPv4 (Loose),104.16.218.84,regex-loose
Unknown,2024-04-09 06:05:27,,"Ð¨Ð°Ð³ 1
/ip dns static add name=clamav.net type=FWD forward-to=10.100.1.1 address-list=vpn-domains match-subdomain=yes

Ð”ÐµÐ»Ð°ÐµÐ¼ dig www.clamav.net, Ð² Ð°Ð´Ñ€ÐµÑ Ð»Ð¸ÑÑ‚Ðµ Ð¿Ð¾ÑÐ²Ð»ÑÑŽÑ‚ÑÑ Ð´Ð²Ð° IP 104.16.218.84 Ð¸ 104.16.219.84

Ð¨Ð°Ð³ 2
Ð¡Ð¾Ð·Ð´Ð°Ñ‚ÑŒ Ð¼Ð°Ñ€ÑˆÑ€ÑƒÑ‚Ñ‹ Ð´Ð»Ñ ÑÑ‚Ð¸Ñ… Ð°Ð´Ñ€ÐµÑÐ¾Ð².


ÐŸÐ¾Ð¼Ð¾Ð³Ð¸Ñ‚Ðµ ÑÐ¾ Ð²Ñ‚Ð¾Ñ€Ñ‹Ð¼ ÑˆÐ°Ð³Ð¾Ð¼ - ÑÐ¿Ð¾Ñ‚Ñ‹ÐºÐ°ÑŽÑÑŒ",IPv4 (Loose),104.16.219.84,regex-loose
Unknown,2024-04-09 04:51:27,,https://antifilter.network/faq - ÐºÐ¾Ð½Ñ„Ð¸Ð³ Ð¾Ñ‚ÑÑŽÐ´Ð° Ð±Ñ€Ð°Ð»Ð¸ ?,URL (Dirty),https://antifilter.network/faq,regex-greedy
Unknown,2024-04-09 04:08:03,,https://help.mikrotik.com/docs/display/ROS/WiFi#WiFi-SecurityProperties,URL (Dirty),https://help.mikrotik.com/docs/display/ROS/WiFi#WiFi-SecurityProperties,regex-greedy
Unknown,2024-04-08 22:56:31,,https://mikrotik.com/product/sxtsq_lite2,URL (Dirty),https://mikrotik.com/product/sxtsq_lite2,regex-greedy
Unknown,2024-04-08 16:50:58,,https://help.mikrotik.com/docs/display/ROS/RouterBOOT#RouterBOOT-SimpleUpgrade,URL (Dirty),https://help.mikrotik.com/docs/display/ROS/RouterBOOT#RouterBOOT-SimpleUpgrade,regex-greedy
Unknown,2024-04-08 14:34:42,,Ð³ÑƒÐ³ Ð² Ð¿Ð¾Ð¼Ð¾Ñ‰ÑŒ https://www.google.ru/search?q=CHR+P10%3F&oq=CHR+P10%3F&sourceid=chrome&ie=UTF-8,URL (Dirty),https://www.google.ru/search?q=CHR+P10%3F&oq=CHR+P10%3F&sourceid=chrome&ie=UTF-8,regex-greedy
Unknown,2024-04-08 14:33:41,,https://www.lanmart.ru/licenzija-mikrotik-cloud-hosted-router-p10.html,URL (Dirty),https://www.lanmart.ru/licenzija-mikrotik-cloud-hosted-router-p10.html,regex-greedy
Unknown,2024-04-08 13:35:59,,https://qna.habr.com/q/1277016,URL (Dirty),https://qna.habr.com/q/1277016,regex-greedy
Unknown,2024-04-07 13:39:27,,https://wiki.mikrotik.com/wiki/Manual:Scripting,URL (Dirty),https://wiki.mikrotik.com/wiki/Manual:Scripting,regex-greedy
Unknown,2024-04-07 11:16:30,,"ÐžÑ‡ÐµÐ½ÑŒ Ð¿Ñ€Ð¾ÑÑ‚Ð¾ Ñƒ Ð²Ð°Ñ ÐµÑÑ‚ÑŒ ÑÑ‚Ð°Ñ‚Ð¸Ñ‡ÐµÑÐºÐ¸Ð¹ IP, Ð½Ð° Ð¼Ð¸ÐºÑ€Ð¾Ñ‚Ðµ Ð¿Ð¾Ð´Ð½Ð¸Ð¼Ð°ÐµÑ‚ÑÑ l2tp server, Ð¿Ð¾ÐºÑƒÐ¿Ð°ÐµÑ‚ÑÑ Ð´Ð¾Ð¼ÐµÐ½Ð½Ð¾Ðµ Ð¸Ð¼Ñ, Ð¿Ñ€Ð¾Ð¿Ð¸ÑÑ‹Ð²Ð°ÐµÑ‚ÑÑ A, Ð²ÑÐµ Ð¼Ð¾Ð¶Ð½Ð¾ ÐºÐ¾Ð½ÐµÐºÑ‚Ð¸Ñ‚ÑŒÑÑ Ð² 172.16.10.0 Ð¸ Ð¸Ð¼ÐµÑ‚ÑŒ Ð´Ð¾ÑÑ‚ÑƒÐ¿ Ð²Ð¾ Ð²Ð½ÑƒÑ‚Ñ€ÐµÐ½Ð½Ð¸Ð¹ ÑÐµÐ³Ð¼ÐµÐ½Ñ‚ Ð¸ Ð²Ð»Ð°Ð½Ñ‹",IPv4 (Loose),172.16.10.0,regex-loose
Unknown,2024-04-04 13:54:20,,Lea las instrucciones en https://help.mikrotik.com/docs/display/ROS/TR-069,URL (Dirty),https://help.mikrotik.com/docs/display/ROS/TR-069,regex-greedy
Unknown,2024-04-03 16:41:36,,https://pastebin.com/RaKN2fWv,URL (Dirty),https://pastebin.com/RaKN2fWv,regex-greedy
Unknown,2024-04-03 14:45:21,,":global AOLAN;
:local tgBotToken ""yourBotToken""
:local tgChatID ""yourChatID""
:local MonInt ""LAN1"";
:local IntCurrRunState ({""true""=""Online"";""false""=""Offline""}->[/interface ethernet get $MonInt running]);
:if ($AOLAN != $IntCurrRunState) do={
    :set AOLAN ""$IntCurrRunState"";
    /log warning ""$MonInt $AOLAN"";
    :delay 1
    /tool fetch url=""https://api.telegram.org/bot$tgBotToken/sendMessage?chat_id=$tgChatID&text=\""$MonInt $AOLAN\"""" keep-result=no
    :delay 2;
}",URL (Dirty),"https://api.telegram.org/bot$tgBotToken/sendMessage?chat_id=$tgChatID&text=\""$MonInt",regex-greedy
Unknown,2024-04-03 07:53:33,,https://help.mikrotik.com/docs/display/ROS/Controller+Bridge+and+Port+Extender,URL (Dirty),https://help.mikrotik.com/docs/display/ROS/Controller+Bridge+and+Port+Extender,regex-greedy
Unknown,2024-04-02 14:40:16,,"Ð¼Ð¾Ð¶Ð½Ð¾ Ð»Ð¸ https://registry-1.docker.io
Ð·Ð°Ð¼ÐµÐ½Ð¸Ñ‚ÑŒ Ð½Ð° https://hub.docker.com/ ?",URL (Dirty),https://registry-1.docker.io,regex-greedy
Unknown,2024-04-02 14:40:16,,"Ð¼Ð¾Ð¶Ð½Ð¾ Ð»Ð¸ https://registry-1.docker.io
Ð·Ð°Ð¼ÐµÐ½Ð¸Ñ‚ÑŒ Ð½Ð° https://hub.docker.com/ ?",URL (Dirty),https://hub.docker.com/,regex-greedy
Unknown,2024-04-02 14:12:16,,"/tool fetch https://127.0.0.1/ dst-path=path/to/create/xxx/temp

ÐŸÑ€Ð¸Ñ‡ÐµÐ¼ Ð¸Ð¼ÐµÐ½Ð½Ð¾ Ñ…Ñ…Ñ… Ð½Ð°Ð·Ð²Ð°Ð½Ð¸Ðµ Ñ†ÐµÐ»ÐµÐ²Ð¾Ð¹ Ð¿Ð°Ð¿ÐºÐ¸, temp Ð½Ðµ Ð±ÑƒÐ´ÐµÑ‚ ÑÐ¾Ð·Ð´Ð°Ð½Ð¾.
ÐÐ¾ ÐµÑÐ»Ð¸ ÐµÐµ Ð½ÐµÑ‚ Ñ‚Ð¾ Ð¸ ÑÐ¾Ð·Ð´Ð°Ð²Ð°Ñ‚ÑŒ Ð¾Ñ‚Ð´ÐµÐ»ÑŒÐ½Ð¾ Ð½Ðµ Ð½ÑƒÐ¶Ð½Ð¾ Ð²Ð°Ð¼. Ð¡Ð¾Ð·Ð´Ð°Ð¹Ñ‚Ðµ Ð´Ð¸Ñ€Ñ€ÐµÐºÑ‚Ð¾Ñ€Ð¸ÑŽ Ñ Ð¸Ð¼ÐµÐ½ÐµÐ¼ Ð¿Ð¾Ð´ ÑÐµÐ±Ñ",URL (Dirty),https://127.0.0.1/,regex-greedy
Unknown,2024-04-02 13:11:35,,https://mikrotik.com/products/compare/C52iG-5HaxD2HaxD-TC+L009UiGS-2HaxD-IN,URL (Dirty),https://mikrotik.com/products/compare/C52iG-5HaxD2HaxD-TC+L009UiGS-2HaxD-IN,regex-greedy
Unknown,2024-04-02 12:57:45,,https://mikrotik.com/product/l009uigs_2haxd_in,URL (Dirty),https://mikrotik.com/product/l009uigs_2haxd_in,regex-greedy
Unknown,2024-04-02 12:23:51,,https://habr.com/ru/articles/312340/,URL (Dirty),https://habr.com/ru/articles/312340/,regex-greedy
Unknown,2024-04-02 10:02:38,,"Ð²ÑÐµÐ¼ Ð¿Ñ€Ð¸Ð²ÐµÑ‚, Ð²Ð¾Ð¿Ñ€Ð¾Ñ Ð¿Ð¾ ÑÐºÑ€Ð¸Ð¿Ñ‚Ð°Ð¼

{
:global AOLAN;
:local MonInt ""LAN1"";
:local IntCurrRunState ({""true""=""Online"";""false""=""Offline""}->[/interface ethernet get $MonInt running]);
:if ($AOLAN != $IntCurrRunState) do={
:set AOLAN $IntCurrRunState;
/log warning ""$MonInt $AOLAN"";
:delay 1
}
}

Ð’ Ð»Ð¾Ð³Ð¸ Ð·Ð°Ð¿Ð¸ÑÑŒ Ð¸Ð´ÐµÑ‚, Ð½Ðµ Ð¼Ð¾Ð³Ñƒ Ð¿Ñ€Ð¸ÐºÑ€ÑƒÑ‚Ð¸Ñ‚ÑŒ Ðº telegram

{
:global AOLAN;
:local MonInt ""LAN1"";
:local IntCurrRunState ({""true""=""Online"";""false""=""Offline""}->[/interface ethernet get $MonInt running]);
:if ($AOLAN != $IntCurrRunState) do={
:set AOLAN $IntCurrRunState;
:delay 2;
/tool fetch url=""https://api.telegram.org/bot***/sendMessage?chat_id=***&text=test"" keep-result=no
}
}

Ð§Ñ‚Ð¾ Ð½Ðµ Ñ‚Ð°Ðº Ð´ÐµÐ»Ð°ÑŽ?",URL (Dirty),"https://api.telegram.org/bot***/sendMessage?chat_id=***&text=test""",regex-greedy
Unknown,2024-04-01 14:43:34,,"https://gist.github.com/marfillaster/7a136ea826815ac22f2849e099a1c6a1
https://systemzone.net/mikrotik-unequal-dual-wan-load-balancing-with-failover-using-ecmp/",URL (Dirty),https://systemzone.net/mikrotik-unequal-dual-wan-load-balancing-with-failover-using-ecmp/,regex-greedy
Unknown,2024-04-01 14:43:34,,"https://gist.github.com/marfillaster/7a136ea826815ac22f2849e099a1c6a1
https://systemzone.net/mikrotik-unequal-dual-wan-load-balancing-with-failover-using-ecmp/",MD5 Hash,7a136ea826815ac22f2849e099a1c6a1,regex-md5
Unknown,2024-04-01 09:17:31,,https://help.mikrotik.com/docs/display/ROS/PPP+AAA,URL (Dirty),https://help.mikrotik.com/docs/display/ROS/PPP+AAA,regex-greedy
Unknown,2024-03-31 11:04:42,,https://mikrotik.com/product/CCR1036-12G-4S-149#fndtn-downloads,URL (Dirty),https://mikrotik.com/product/CCR1036-12G-4S-149#fndtn-downloads,regex-greedy
Unknown,2024-03-30 19:52:53,,server.config Ñ ÑÐµÑ€Ð²ÐµÑ€Ð° Ð¿Ð¾Ð»Ð¾Ð¶Ð¸Ð» ÑÑŽÐ´Ð° https://pastebin.com/ksByJYex,URL (Dirty),https://pastebin.com/ksByJYex,regex-greedy
Unknown,2024-03-30 12:42:59,,https://help.mikrotik.com/docs/pages/viewpage.action?pageId=237699479,URL (Dirty),https://help.mikrotik.com/docs/pages/viewpage.action?pageId=237699479,regex-greedy
Unknown,2024-03-30 10:01:35,,https://help.mikrotik.com/docs/display/ROS/Profiler,URL (Dirty),https://help.mikrotik.com/docs/display/ROS/Profiler,regex-greedy
Unknown,2024-03-30 09:57:12,,ÐÐµ Ð¾Ð´Ð½Ð¾) https://mikrotik.com/product/hap_ac2,URL (Dirty),https://mikrotik.com/product/hap_ac2,regex-greedy
Unknown,2024-03-30 09:37:31,,"https://help.mikrotik.com/docs/display/ROS/BGP
https://help.mikrotik.com/docs/display/ROS/BFD",URL (Dirty),https://help.mikrotik.com/docs/display/ROS/BGP,regex-greedy
Unknown,2024-03-30 09:37:31,,"https://help.mikrotik.com/docs/display/ROS/BGP
https://help.mikrotik.com/docs/display/ROS/BFD",URL (Dirty),https://help.mikrotik.com/docs/display/ROS/BFD,regex-greedy
Unknown,2024-03-29 10:33:57,,https://help.mikrotik.com/docs/display/ROS/MACsec,URL (Dirty),https://help.mikrotik.com/docs/display/ROS/MACsec,regex-greedy
Unknown,2024-03-29 09:48:39,,"https://www.rfc-editor.org/rfc/rfc5006.txt
Ñ‚ÑƒÑ‚ Ð³Ð¾Ð²Ð¾Ñ€Ð¸Ñ‚ÑÑ Ð¾ Ñ„Ð»Ð°Ð³Ðµ O",URL (Dirty),https://www.rfc-editor.org/rfc/rfc5006.txt,regex-greedy
Unknown,2024-03-29 08:14:52,,https://mikrotiklab.ru/nastrojka/nastrojka-ipsec-mikrotik.html,URL (Dirty),https://mikrotiklab.ru/nastrojka/nastrojka-ipsec-mikrotik.html,regex-greedy
Unknown,2024-03-29 08:04:35,,"https://www.piter.com/collection/kompyutery-i-internet/product/kompyuternye-seti-printsipy-tehnologii-protokoly-yubileynoe-izdanie

help.mikrotik.com",URL (Dirty),https://www.piter.com/collection/kompyutery-i-internet/product/kompyuternye-seti-printsipy-tehnologii-protokoly-yubileynoe-izdanie,regex-greedy
Unknown,2024-03-28 11:55:30,,https://help.mikrotik.com/docs/,URL (Dirty),https://help.mikrotik.com/docs/,regex-greedy
Unknown,2024-03-27 18:33:51,,https://static.tp-link.com/res/down/doc/Archer_C20_V1_UG.pdf#page92,URL (Dirty),https://static.tp-link.com/res/down/doc/Archer_C20_V1_UG.pdf#page92,regex-greedy
Unknown,2024-03-27 16:27:15,,https://qna.habr.com/q/1126880,URL (Dirty),https://qna.habr.com/q/1126880,regex-greedy
Unknown,2024-03-27 11:12:36,,https://interface31.ru/tech_it/2022/04/nastroyka-wireguard-vpn-na-routerah-mikrotik.html,URL (Dirty),https://interface31.ru/tech_it/2022/04/nastroyka-wireguard-vpn-na-routerah-mikrotik.html,regex-greedy
Unknown,2024-03-27 07:00:53,,Ð½Ñƒ https://i.mt.lv/cdn/product_files/RB4011iGSplusRM_180903.png,URL (Dirty),https://i.mt.lv/cdn/product_files/RB4011iGSplusRM_180903.png,regex-greedy
Unknown,2024-03-26 21:17:25,,"Hama
https://www.hama.com/00053128/hama-usb-3-0-gigabit-ethernet-adapter-10-100-1000-mbps_eng",URL (Dirty),https://www.hama.com/00053128/hama-usb-3-0-gigabit-ethernet-adapter-10-100-1000-mbps_eng,regex-greedy
Unknown,2024-03-26 17:18:41,,https://wiki.mikrotik.com/wiki/Manual:Tools/Sms,URL (Dirty),https://wiki.mikrotik.com/wiki/Manual:Tools/Sms,regex-greedy
Unknown,2024-03-26 08:44:06,,Ñ‚Ð°Ð¼ ÐµÑ‰Ñ‘ ÐµÑÑ‚ÑŒ 142.250.74.74,IPv4 (Loose),142.250.74.74,regex-loose
Unknown,2024-03-26 08:42:16,,64.233.163.188 Ð¸ 192.168.10.61,IPv4 (Loose),64.233.163.188,regex-loose
Unknown,2024-03-26 06:46:34,,https://help.mikrotik.com/docs/display/ROS/Clock,URL (Dirty),https://help.mikrotik.com/docs/display/ROS/Clock,regex-greedy
Unknown,2024-03-26 04:54:02,,https://pastebin.com/KYvwb1HX,URL (Dirty),https://pastebin.com/KYvwb1HX,regex-greedy
Unknown,2024-03-25 09:12:29,,https://help.mikrotik.com/docs/pages/viewpage.action?pageId=46759946#WifiWave2(7.12andolder)-Overview,URL (Dirty),https://help.mikrotik.com/docs/pages/viewpage.action?pageId=46759946#WifiWave2(7.12andolder)-Overview,regex-greedy
Unknown,2024-03-24 08:05:59,,"https://communities.vmware.com/t5/Legacy-User-Blogs/Promiscuous-mode/ta-p/2765587

ÐŸÑ€Ð¸Ð¼ÐµÑ€Ð½Ð¾ Ñ‚Ð°Ðº",URL (Dirty),https://communities.vmware.com/t5/Legacy-User-Blogs/Promiscuous-mode/ta-p/2765587,regex-greedy
Unknown,2024-03-23 17:12:50,,https://ipcalc.co/,URL (Dirty),https://ipcalc.co/,regex-greedy
Unknown,2024-03-22 19:28:39,,ÐŸÐ¾ÑÐ¼Ð¾Ñ‚Ñ€Ð¸Ñ‚Ðµ ÑÑ‚Ñƒ Ñ‚ÐµÐ¼Ñƒ https://forum.mikrotik.com/viewtopic.php?t=199702,URL (Dirty),https://forum.mikrotik.com/viewtopic.php?t=199702,regex-greedy
Unknown,2024-03-22 12:20:40,,"Ð’Ð¾Ñ‚ Ð¿Ñ€Ð¸Ð¼ÐµÑ€
https://help.mikrotik.com/docs/display/ROS/GRE",URL (Dirty),https://help.mikrotik.com/docs/display/ROS/GRE,regex-greedy
Unknown,2024-03-21 06:26:28,,"Ð¡Ð°Ð¼ Ð¿Ð¾Ð³Ð»ÑÐ´Ð¸ Ñ‡Ð¾ Ñƒ Ð²Ð°Ñ Ð¾Ñ‚ÐºÑ€Ñ‹Ñ‚Ð¾)

https://www.shodan.io/host/82.209.222.132",URL (Dirty),https://www.shodan.io/host/82.209.222.132,regex-greedy
Unknown,2024-03-21 06:26:28,,"Ð¡Ð°Ð¼ Ð¿Ð¾Ð³Ð»ÑÐ´Ð¸ Ñ‡Ð¾ Ñƒ Ð²Ð°Ñ Ð¾Ñ‚ÐºÑ€Ñ‹Ñ‚Ð¾)

https://www.shodan.io/host/82.209.222.132",IPv4 (Loose),82.209.222.132,regex-loose
Unknown,2024-03-21 06:05:26,,"https://www.tarikin.vn/how-to-reset-mikrotik-routerboard-admin-password-without-resetting-the-configuration/

ÐÐ¸ÐºÐ¸Ñ‚Ð° Ð¢Ð°Ñ€Ñ‹ÐºÐ¸Ð½ ÑÐ´ÐµÐ»Ð°Ð» Ñƒ ÑÐµÐ±Ñ Ð¸Ð½ÑÑ‚Ñ€ÑƒÐºÑ†Ð¸ÑŽ Ñ ÐºÐ°Ñ€Ñ‚Ð¸Ð½ÐºÐ°Ð¼Ð¸ ðŸ˜",URL (Dirty),https://www.tarikin.vn/how-to-reset-mikrotik-routerboard-admin-password-without-resetting-the-configuration/,regex-greedy
Unknown,2024-03-21 04:31:20,,"Ñƒ Ð¼ÐµÐ½Ñ Switch OS Lite ÐºÐ°Ðº Ð²Ñ‹ÑÑÐ½Ð¸Ð»Ð¾ÑÑŒ
Ðº ÑÐ¾Ð¶Ð°Ð»ÐµÐ½Ð¸ÑŽ Ð¸Ð½Ñ„Ð¾Ñ€Ð¼Ð°Ñ†Ð¸Ð¸ Ð¿Ð¾ Ð½Ð°ÑÑ‚Ñ€Ð¹ÐºÐµ  VLAN Ð½Ð° Ð½ÐµÐ¼ Ð² Ð˜Ð½Ñ‚ÐµÑ€Ð½ÐµÑ‚Ðµ Ð¼Ð°Ð»Ð¾Ð²Ð°Ñ‚Ð¾
Ð’Ð¾ÑÐ¿Ð¾Ð»ÑŒÐ·Ð¾Ð²Ð°Ð»ÑÑ Ð¸Ð½ÑÑ‚Ñ€ÑƒÐºÑ†Ð¸ÐµÐ¹ Ð½Ð° Ð¾Ñ„Ð¸Ñ†Ð¸Ð°Ð»ÑŒÐ½Ñ‹Ð¼ Ñ€ÐµÑÑƒÑ€ÑÐµ Ð»ÑŽÐ±ÐµÐ·Ð½Ð¾ Ð¿Ñ€ÐµÐ´Ð»Ð¾Ð¶ÐµÐ½Ð½Ñ‹Ð¼ VeDERko
https://help.mikrotik.com/docs/display/SWOS/SwOS

Ð¿Ð¾Ð¼ÐµÑ‡Ð°ÐµÐ¼ Ñ‚Ñ€Ð°Ð½ÐºÐ¾Ð²Ñ‹Ð¹ Ð¿Ð¾Ñ€Ñ‚ ÐºÐ°Ðº 
strict - tagged only - default vlan id=1
Ð¿Ð¾Ñ€Ñ‚Ñ‹ Ð´Ð¾ÑÑ‚ÑƒÐ¿Ð°
strict - untagged only - default vlan=199 (Ñ‚Ð¾Ñ‚ id ÐºÐ¾Ñ‚Ð¾Ñ€Ñ‹Ð¹ Ð¾Ñ‚Ð¿Ñ€Ð°Ð²Ð»ÑÑŽ ÑÐ²ÐµÑ€Ñ…Ñƒ Ñ Ñ€Ð¾ÑƒÑ‚ÐµÑ€Ð° Ñ‡ÐµÑ€ÐµÐ· ÐµÐ³Ð¾ Ñ‚Ñ€Ð°Ð½ÐºÐ¾Ð²Ñ‹Ð¹ Ð¿Ð¾Ñ€Ñ‚)

Ð¾Ð±ÑŒÐµÐ´Ð¸Ð½ÑÑŽ Ð¿Ð¾Ñ€Ñ‚Ñ‹ ÑƒÑ‡Ð°ÑÑ‚Ð½Ð¸ÐºÐ¸ Ð² Ð³Ñ€ÑƒÐ¿Ð¿Ñƒ Ñ Ñ‚ÑÐ³Ð¾Ð¼ 199
Ð¸ Ð²ÑÐµ, Ñ‚ÐµÑ€ÑÑŽ ÑÐ²ÑÐ·ÑŒ Ñ ÐºÐ¾Ð¼Ð¼ÑƒÑ‚Ð°Ñ‚Ð¾Ñ€Ð¾Ð¼, Ð¸Ð½ÐµÑ‚ Ð¿Ñ€Ð¾Ð¿Ð°Ð´Ð°ÐµÑ‚ Ð½Ð°Ð¿Ñ€Ð¾Ñ‡ÑŒ Ð½Ð° Ð²ÑÐµÑ… ÑƒÑÑ‚Ñ€Ð¾Ð¹ÑÑ‚Ð²Ð°Ñ… Ðº Ð½ÐµÐ¼Ñƒ Ð¿Ð¾Ð´ÐºÐ»ÑŽÑ‡ÐµÐ½Ð½Ñ‹Ñ…
Ð½Ñƒ ÐºÑ‚Ð¾ Ñ‚Ð¾ Ð¶Ðµ ÑÑ‚Ð¸Ð¼ Ð¿Ð¾Ð»ÑŒÐ·ÑƒÐµÑ‚ÑÑ Ð¸ ÐºÐ°Ðº Ñ‚Ð¾ Ð½Ð°ÑÑ‚Ñ€Ð°Ð¸Ð²Ð°ÐµÑ‚
ÐŸÑ€Ð¾ÑˆÑƒ Ð¿Ð¾Ð¼Ð¾Ñ‡ÑŒ",URL (Dirty),https://help.mikrotik.com/docs/display/SWOS/SwOS,regex-greedy
Unknown,2024-03-20 15:06:50,,https://www.labirint.ru/books/936599/,URL (Dirty),https://www.labirint.ru/books/936599/,regex-greedy
Unknown,2024-03-20 13:59:27,,https://translate.google.ru/,URL (Dirty),https://translate.google.ru/,regex-greedy
Unknown,2024-03-20 13:48:06,,https://habr.com/ru/post/463813/,URL (Dirty),https://habr.com/ru/post/463813/,regex-greedy
Unknown,2024-03-19 07:42:44,,https://help.mikrotik.com/docs/display/ROS/NAT#NAT-DestinationNAT,URL (Dirty),https://help.mikrotik.com/docs/display/ROS/NAT#NAT-DestinationNAT,regex-greedy
Unknown,2024-03-18 10:43:04,,https://help.mikrotik.com/docs/display/ROS/OpenVPN,URL (Dirty),https://help.mikrotik.com/docs/display/ROS/OpenVPN,regex-greedy
Unknown,2024-03-18 10:42:54,,https://help.mikrotik.com/docs/display/ROS/OpenVPN#OpenVPN-OVPNClient,URL (Dirty),https://help.mikrotik.com/docs/display/ROS/OpenVPN#OpenVPN-OVPNClient,regex-greedy
Unknown,2024-03-18 10:20:16,,https://mikrotiklab.ru/nastrojka/artga-l2tp-server.html,URL (Dirty),https://mikrotiklab.ru/nastrojka/artga-l2tp-server.html,regex-greedy
Unknown,2024-03-17 10:37:47,,"Ð”Ð¾Ð±Ñ€Ñ‹Ð¹ Ð´ÐµÐ½ÑŒ) 
https://help.mikrotik.com/docs/pages/viewpage.action?pageId=3211294#PPTP-PPTPClient

https://help.mikrotik.com/docs/display/ROS/OpenVPN
https://www.youtube.com/live/kc4HqRhJ3lE?si=miBZynbdljgeIMU8",URL (Dirty),https://help.mikrotik.com/docs/pages/viewpage.action?pageId=3211294#PPTP-PPTPClient,regex-greedy
Unknown,2024-03-17 00:46:20,,"173.194.221.113 ip google.com
Ð•ÑÐ»Ð¸ Ñƒ Ð²Ð°Ñ Ð¿Ð¾ Ð½ÐµÐ¼Ñƒ Ð½Ðµ Ð·Ð°Ð¹Ð´Ñ‘Ñ‚, Ñ‚Ð¾ Ð¿Ñ€ÐµÐ´Ð¿Ð¾Ð»Ð¾Ð¶Ñƒ Ñ‡Ñ‚Ð¾ Ð¿Ñ€Ð¾Ð±Ð»ÐµÐ¼Ð° Ð¸ Ð½Ðµ Ð² Ð´Ð½Ñ )",IPv4 (Loose),173.194.221.113,regex-loose
Unknown,2024-03-16 14:28:45,,"Ð”Ð°Ð¶Ðµ Ð²Ð¾Ñ‚ Ñ‚Ð°Ðº https://www.nic.ru/whois/?searchWord=172.25.71.42
NetRange: 172.16.0.0 - 172.31.255.255
CIDR: 172.16.0.0/12
NetName: PRIVATE-ADDRESS-BBLK-RFC1918-IANA-RESERVED
NetHandle: NET-172-16-0-0-1
Parent: NET172 (NET-172-0-0-0-0)
NetType: IANA Special Use",URL (Dirty),https://www.nic.ru/whois/?searchWord=172.25.71.42,regex-greedy
Unknown,2024-03-16 14:28:45,,"Ð”Ð°Ð¶Ðµ Ð²Ð¾Ñ‚ Ñ‚Ð°Ðº https://www.nic.ru/whois/?searchWord=172.25.71.42
NetRange: 172.16.0.0 - 172.31.255.255
CIDR: 172.16.0.0/12
NetName: PRIVATE-ADDRESS-BBLK-RFC1918-IANA-RESERVED
NetHandle: NET-172-16-0-0-1
Parent: NET172 (NET-172-0-0-0-0)
NetType: IANA Special Use",IPv4 (Loose),172.25.71.42,regex-loose
Unknown,2024-03-16 14:28:45,,"Ð”Ð°Ð¶Ðµ Ð²Ð¾Ñ‚ Ñ‚Ð°Ðº https://www.nic.ru/whois/?searchWord=172.25.71.42
NetRange: 172.16.0.0 - 172.31.255.255
CIDR: 172.16.0.0/12
NetName: PRIVATE-ADDRESS-BBLK-RFC1918-IANA-RESERVED
NetHandle: NET-172-16-0-0-1
Parent: NET172 (NET-172-0-0-0-0)
NetType: IANA Special Use",IPv4 (Loose),172.16.0.0,regex-loose
Unknown,2024-03-16 14:28:45,,"Ð”Ð°Ð¶Ðµ Ð²Ð¾Ñ‚ Ñ‚Ð°Ðº https://www.nic.ru/whois/?searchWord=172.25.71.42
NetRange: 172.16.0.0 - 172.31.255.255
CIDR: 172.16.0.0/12
NetName: PRIVATE-ADDRESS-BBLK-RFC1918-IANA-RESERVED
NetHandle: NET-172-16-0-0-1
Parent: NET172 (NET-172-0-0-0-0)
NetType: IANA Special Use",IPv4 (Loose),172.31.255.255,regex-loose
Unknown,2024-03-16 11:49:16,,"ÐœÐµÑÑÑ† Ð½Ð°Ð·Ð°Ð´ ÑÑ‚Ð¸ Ð²Ð·ÑÐ»Ð¸
https://aliexpress.ru/item/1005003515662920.html?sku_id=12000026135734083&spm=a2g2w.productlist.search_results.9.5a597572SueNkL",URL (Dirty),https://aliexpress.ru/item/1005003515662920.html?sku_id=12000026135734083&spm=a2g2w.productlist.search_results.9.5a597572SueNkL,regex-greedy
Unknown,2024-03-15 11:58:10,,https://linkmeup.gitbook.io/sdsm/7.-vpn/3.-gre-over-ipsec,URL (Dirty),https://linkmeup.gitbook.io/sdsm/7.-vpn/3.-gre-over-ipsec,regex-greedy
Unknown,2024-03-14 20:17:16,,https://yandex.ru/search/touch/?text=visio+mikrotik+stencils&clid=2041722&lr=101619,URL (Dirty),https://yandex.ru/search/touch/?text=visio+mikrotik+stencils&clid=2041722&lr=101619,regex-greedy
Unknown,2024-03-13 18:44:56,,https://i.mt.lv/cdn/product_files/sfp_module-160202133526_160226.pdf,URL (Dirty),https://i.mt.lv/cdn/product_files/sfp_module-160202133526_160226.pdf,regex-greedy
Unknown,2024-03-13 15:00:23,,https://habr.com/ru/articles/236969/,URL (Dirty),https://habr.com/ru/articles/236969/,regex-greedy
Unknown,2024-03-13 10:55:04,,https://help.mikrotik.com/docs/display/ROS/Multi-chassis+Link+Aggregation+Group,URL (Dirty),https://help.mikrotik.com/docs/display/ROS/Multi-chassis+Link+Aggregation+Group,regex-greedy
Unknown,2024-03-13 07:26:42,,"ÐšÐ°Ðº Ð¾Ñ‚ÐºÐ°Ñ‚Ð¸Ñ‚ÑŒ RouterOS 7 Ð½Ð° 6 Ð²ÐµÑ€ÑÐ¸ÑŽ | ÐÐ°ÑÑ‚Ñ€Ð¾Ð¹ÐºÐ° MikroTik | Ð”Ð·ÐµÐ½
https://dzen.ru/a/ZM3tCDl-EVpzkTs8",URL (Dirty),https://dzen.ru/a/ZM3tCDl-EVpzkTs8,regex-greedy
Unknown,2024-03-13 05:40:07,,https://help.mikrotik.com/docs/display/ROS/Container#Container-EnableContainermode,URL (Dirty),https://help.mikrotik.com/docs/display/ROS/Container#Container-EnableContainermode,regex-greedy
Unknown,2024-03-12 20:06:00,,"ÐÐµ Ð¼Ð¾Ð³Ñƒ Ð½Ð°ÑÑ‚Ñ€Ð¾Ð¸Ñ‚ÑŒ Ð¿Ð¾Ð´ÐºÐ»ÑŽÑ‡ÐµÐ½Ð¸Ðµ Ð¸Ð½Ñ‚ÐµÑ€Ð½ÐµÑ‚Ð° Ð½Ð° Ð¼Ð¸ÐºÑ€Ð¾Ñ‚Ð¸ÐºÐµ. ÐœÐ¸ÐºÑ€Ð¾Ñ‚ Ð¿Ð¸Ð½Ð³ÑƒÐµÑ‚ 8.8.8.8 , Ð½Ð¾ Ð¸Ð½Ñ‚ÐµÑ€Ð½ÐµÑ‚Ð° Ð²ÑÐµ Ñ€Ð°Ð²Ð½Ð¾ Ð½ÐµÑ‚Ñƒ",IPv4 (Loose),8.8.8.8,regex-loose
Unknown,2024-03-12 14:15:01,,https://help.mikrotik.com/docs/pages/viewpage.action?pageId=46759946,URL (Dirty),https://help.mikrotik.com/docs/pages/viewpage.action?pageId=46759946,regex-greedy
Unknown,2024-03-12 10:08:29,,"https://www.youtube.com/watch?v=kc4HqRhJ3lE&pp=ygUQb3BlbnZwbiBtaWtyb3Rpaw%3D%3D

https://help.mikrotik.com/docs/display/ROS/OpenVPN#OpenVPN-Example",URL (Dirty),https://help.mikrotik.com/docs/display/ROS/OpenVPN#OpenVPN-Example,regex-greedy
Unknown,2024-03-11 14:58:06,,"Ð’ ÐºÐ¾Ð½Ñ„Ð¸Ð³Ðµ openvpn
push ""route 192.168.10.0 255.255.255.0""
route 192.168.10.0 255.255.255.0

Ð’ ÐºÐ»Ð¸ÐµÐ½Ñ‚Ðµ client-config-dir .ccd
# ÐšÐ»Ð¸ÐµÐ½Ñ‚ÑÐºÐ°Ñ Ð¿Ð¾Ð´ÑÐµÑ‚ÑŒ Ð·Ð° mikrotik (192) Ð¸ Ð°Ð´Ñ€ÐµÑ openvpn Ñƒ Ñ€Ð¾ÑƒÑ‚ÐµÑ€Ð° (10)
iroute 192.168.10.0 255.255.255.0
# Ð”Ð¾Ð±Ð°Ð²Ð¸Ð¼ ÑˆÐ»ÑŽÐ· Ð¿Ð¾ ÑƒÐ¼Ð¾Ð»Ñ‡Ð°Ð½Ð¸ÑŽ Ð´Ð»Ñ Ð¼Ð°ÑˆÐ¸Ð½ Ð·Ð° Ð¼Ð¸ÐºÑ€Ð¾Ñ‚Ð¸ÐºÐ¾Ð¼
ifconfig-push 10.0.1.6 10.0.1.1",IPv4 (Loose),255.255.255.0,regex-loose
Unknown,2024-03-11 14:26:53,,Ð£Ñ‡Ð¸Ñ‚Ñ‹Ð²Ð°Ñ Ñ‡Ñ‚Ð¾ https://wiki.mikrotik.com/wiki/Manual:Hurricane_Electric_Tunnel_Broker_Example_for_Home,URL (Dirty),https://wiki.mikrotik.com/wiki/Manual:Hurricane_Electric_Tunnel_Broker_Example_for_Home,regex-greedy
Unknown,2024-03-11 12:42:09,,"ÐÑƒ, Ð²Ð¸Ð´Ð¸Ð¼Ð¾ Ð¿Ð¾Ð´Ð´ÐµÑ€Ð¶Ð¸Ð²Ð°ÐµÑ‚ 

(Ð½Ðµ ÑÑ‚ÐµÑÐ½ÑÐ¹Ñ‚ÐµÑÑŒ Ð³ÑƒÐ³Ð»Ð¸Ñ‚ÑŒ)

https://forum.mikrotik.com/viewtopic.php?t=199338",URL (Dirty),https://forum.mikrotik.com/viewtopic.php?t=199338,regex-greedy
Unknown,2024-03-10 14:03:20,,https://www.ozon.ru/product/umnoe-wi-fi-rele-mini-smart-switch-tuya-aubess-16a-rabotaet-s-yandeks-alisoy-947087620/,URL (Dirty),https://www.ozon.ru/product/umnoe-wi-fi-rele-mini-smart-switch-tuya-aubess-16a-rabotaet-s-yandeks-alisoy-947087620/,regex-greedy
Unknown,2024-03-10 13:29:21,,"Virt Unify controller )

https://gist.github.com/marfillaster/9fa1a9571d4d93b2992977d33d99b1a9",MD5 Hash,9fa1a9571d4d93b2992977d33d99b1a9,regex-md5
Unknown,2024-03-10 10:38:23,,https://neolurk.org/wiki/%D0%93%D0%B5%D1%82,URL (Dirty),https://neolurk.org/wiki/%D0%93%D0%B5%D1%82,regex-greedy
Unknown,2024-03-09 21:28:06,,Ð’Ð¾Ñ‚ Ñ‚Ð°Ðº Ð´ÑƒÐ¼Ð°Ð» ÑÐ´ÐµÐ»Ð°Ñ‚ÑŒ: https://bubnovd.net/post/blogger/dhcp-failover-with-routeros/,URL (Dirty),https://bubnovd.net/post/blogger/dhcp-failover-with-routeros/,regex-greedy
Unknown,2024-03-09 15:44:46,,Ð¡ Ð½Ð°Ñ€ÑƒÐ¶Ð¸ Ð¿Ñ€Ð¾Ð±Ð»ÐµÐ¼ Ð½ÐµÑ‚ https://check-host.net/check-ping?host=1.1.1.1,URL (Dirty),https://check-host.net/check-ping?host=1.1.1.1,regex-greedy
Unknown,2024-03-09 15:39:51,,"Ð˜ÑÐ¿Ð¾Ð»ÑŒÐ·Ð¾Ð²Ð°Ð» https://1.1.1.1/dns-query Ð´Ð»Ñ DOH ÑÐµÐ¹Ñ‡Ð°Ñ Ñ‡Ð°Ñ Ð¿Ð¸Ðº, Ñ‚Ð¾Ñ€Ð¼Ð¾Ð·Ð¸Ñ‚ Ð¸Ð½ÐµÑ‚, Ð¿Ð¾Ð¿Ð¸Ð½Ð³Ð¾Ð²Ð°Ð» 1.1.1.1 Ñ Ñ€Ð°Ð·Ð¼ÐµÑ€Ð¾Ð¼ Ð¿Ð°ÐºÐµÑ‚Ð° 1400 Ð¿Ð¸Ð½Ð³Ð° Ð½ÐµÑ‚, Ð¼ÐµÐ»ÐºÐ¸Ðµ Ð¿Ð°ÐºÐµÑ‚Ñ‹ Ð¿Ñ€Ð¾Ð»Ð°Ð·ÑÑ‚ Ñ Ð½ÐµÐ¿Ñ€ÐµÐ´ÑÐºÐ°Ð·ÑƒÐµÐ¼Ñ‹Ð¼ Ñ€ÐµÐ·ÑƒÐ»ÑŒÑ‚Ð°Ñ‚Ð¾Ð¼ ... Ð’Ð¾Ñ‚ Ñ€ÐµÐ°Ð»ÑŒÐ½Ð¾ Ð½Ðµ Ð·Ð½Ð°ÑŽ ÐºÑƒÐ´Ð° Ð´Ð²Ð¸Ð³Ð°Ñ‚ÑŒÑÑ, ÑÑ‚Ð¾ Ð¿Ñ€Ð¾Ð² Ð¾Ð±Ñ…Ð¾Ð´Ð½Ð¾Ð¹ Ð´Ð½Ñ Ð³Ð»ÑƒÑˆÐ¸Ñ‚ Ð¸Ð»Ð¸ Ð²Ð¾Ð¾Ð±Ñ‰Ðµ Ñ‡Ñ‚Ð¾ ? Ð¡Ð¿Ð¸Ð´Ñ‚ÐµÑÑ‚ Ð´Ð¾ Ð¾Ð±Ð»Ð°ÑÑ‚Ð½Ð¾Ð³Ð¾ Ñ†ÐµÐ½Ñ‚Ñ€Ð° Ð¿Ð¾ÐºÐ°Ð·Ñ‹Ð²Ð°ÐµÑ‚ 94 Ð¼ÐµÐ³Ð°Ð±Ð¸Ñ‚Ð° ...",URL (Dirty),https://1.1.1.1/dns-query,regex-greedy
Unknown,2024-03-09 13:18:11,,"Ð¡Ð¿Ð°ÑÐ¸Ð±Ð¾
ÐÐµÐ±Ð¾Ð»ÑŒÑˆÐ¾Ðµ ÑƒÑ‚Ð¾Ñ‡Ð½ÐµÐ½Ð¸Ðµ
Ð•ÑÐ»Ð¸ Ð·Ð°Ð¿Ñ€Ð¾ÑÑ‹ Ð±ÑƒÐ´ÑƒÑ‚ Ð¸Ð´Ñ‚Ð¸ Ð¸Ð· Ð½ÐµÑÐºÐ¾Ð»ÑŒÐºÐ¸Ñ… Ð¿Ð¾Ð´ÑÐµÑ‚ÐµÐ¹ Ð¸Ð½Ð°Ñ‡Ðµ Ð³Ð¾Ð²Ð¾Ñ€Ñ Ð¸Ð· 172.16.0.0/16, Ð½Ð¾ Ð¿Ñ€Ð¸ ÑÑ‚Ð¾Ð¼ Ð½Ðµ Ð¸Ð· 172.16.200.0/24 Ñ‚Ð¾ Ñ Ð¼Ð¾Ð³Ñƒ 172.16.200.0/24 ÑƒÐºÐ°Ð·Ð°Ñ‚ÑŒ ÐºÐ°Ðº Ð°Ð´Ñ€ÐµÑ Ð½Ð°Ð·Ð½Ð°Ñ‡ÐµÐ½Ð¸Ñ Ð´Ð»Ñ Ð¿ÐµÑ€ÐµÐ°Ð´Ñ€ÐµÑÐ°Ñ†Ð¸Ð¸ Ð½Ð° 10.10.0.0/24, Ð½Ðµ Ð±ÑƒÐ´ÐµÑ‚ ÐºÐ¾Ð½Ñ„Ð»Ð¸ÐºÑ‚Ð¾Ð²?",IPv4 (Loose),172.16.200.0,regex-loose
Unknown,2024-03-09 13:12:45,,https://wiki.mikrotik.com/wiki/Manual:IP/Firewall/NAT#1:1_mapping,URL (Dirty),https://wiki.mikrotik.com/wiki/Manual:IP/Firewall/NAT#1:1_mapping,regex-greedy
Unknown,2024-03-09 13:03:34,,"Ð¢ Ðµ Ð¸Ð½Ð°Ñ‡Ðµ Ð³Ð¾Ð²Ð¾Ñ€Ñ, Ð½Ð°Ñ…Ð¾Ð´ÑÑÑŒ Ð² ÑÐµÑ‚Ð¸ 172.16.100.0/24 Ð½Ð°Ð¼ Ð½ÑƒÐ¶Ð½Ð¾ Ð¾Ð±Ñ€Ð°Ñ‚Ð¸Ñ‚ÑŒÑÑ Ðº 172.16.200.0/24 Ð¸ Ñ‡Ñ‚Ð¾Ð±Ñ‹ Ð¿Ñ€Ð¸ ÑÑ‚Ð¾Ð¼ Ñ€Ð¾ÑƒÑ‚ÐµÑ€ Ð¿Ñ€ÐµÐ¾Ð±Ñ€Ð°Ð·Ð¾Ð²Ð°Ð» Ð´Ð°Ð½Ð½Ñ‹Ðµ Ð·Ð°Ð¿Ñ€Ð¾ÑÑ‹ Ð² Ð·Ð°Ð¿Ñ€Ð¾ÑÑ‹ Ðº ÑÐµÑ‚Ð¸ 10.10.0.0/24 Ð¸ Ð¾Ð±Ñ€Ð°Ñ‚Ð½Ð¾ ÑÐ¾Ð¾Ñ‚Ð²ÐµÑ‚ÑÑ‚Ð²ÐµÐ½Ð½Ð¾
Ð—Ð°Ñ‡ÐµÐ¼?!:
Ð—Ð°Ñ‚ÐµÐ¼ Ñ‡Ñ‚Ð¾Ð±Ñ‹ Ñ€Ð°Ð±Ð¾Ñ‚Ð°Ð»Ð° ÐºÐ»Ð°ÑÑÐ¾Ð²Ð°Ñ Ð¼Ð°Ñ€ÑˆÑ€ÑƒÑ‚Ð¸Ð·Ð°Ñ†Ð¸Ñ Ñ‚Ð°Ðº ÐºÐ°Ðº Ð½Ð°Ð±Ð»ÑŽÐ´Ð°ÑŽ Ñ€ÑÐ´ Ð¿Ñ€Ð¾Ð±Ð»ÐµÐ¼ Ð¿Ñ€Ð¸ Ð¿Ð¾Ð»ÑƒÑ‡ÐµÐ½Ð¸Ð¸ Ð¼Ð°Ñ€ÑˆÑ€ÑƒÑ‚Ð¾Ð² Ð½Ð° ÐºÐ¾Ð½ÐµÑ‡Ð½Ñ‹Ñ… ÑƒÑÑ‚Ñ€Ð¾Ð¹ÑÑ‚Ð²Ð°Ñ… Ñ windows, Ð¸ Ð¼Ð°Ñ€ÑˆÑ€ÑƒÑ‚ Ð² ÑÐµÑ‚ÑŒ 10.10.0.0/24 Ð¶Ð¸Ð²Ñ‘Ñ‚ Ð´Ð¾ Ð¿ÐµÑ€Ð²Ð¾Ð³Ð¾ Ð¾Ð±Ð½Ð¾Ð²Ð»ÐµÐ½Ð¸Ñ Ð¼Ð°Ñ€ÑˆÑ€ÑƒÑ‚Ð¾Ð² Ð¿Ð¾ÑÐ»Ðµ Ð¾Ñ‚Ð²Ð°Ð»Ð¸Ð²Ð°ÐµÑ‚ÑÑ",IPv4 (Loose),172.16.100.0,regex-loose
Unknown,2024-03-09 08:11:41,,https://pastebin.com/240uqKxe,URL (Dirty),https://pastebin.com/240uqKxe,regex-greedy
Unknown,2024-03-09 00:53:28,,"ÐŸÑ€Ð¸Ð¼ÐµÑ€, ÐºÐ°Ðº Ñ€Ð°Ð· Ð´Ð»Ñ Ð Ð”ÐŸ, Ð¿ÐµÑ€Ð²Ñ‹Ð¹ Ñ€Ð°Ð·Ð´ÐµÐ»:
""ÐŸÐµÑ€ÐµÐ½Ð°Ð¿Ñ€Ð°Ð²Ð»ÐµÐ½Ð¸Ðµ Ð¿Ð¾Ñ€Ñ‚Ð¾Ð² Mikrotik""
https://mikrotiklab.ru/nastrojka/probros-portov-mikrotik.html",URL (Dirty),https://mikrotiklab.ru/nastrojka/probros-portov-mikrotik.html,regex-greedy
Unknown,2024-03-08 07:13:06,,"Ð Ð°Ð·Ð´ÐµÐ»Ð¸Ð»Ð¸ 

https://help.mikrotik.com/docs/display/ROS/WiFi#WiFi-Overview",URL (Dirty),https://help.mikrotik.com/docs/display/ROS/WiFi#WiFi-Overview,regex-greedy
Unknown,2024-03-07 16:54:53,,https://mikrotik-training.ru/kb/packet-sniffer/,URL (Dirty),https://mikrotik-training.ru/kb/packet-sniffer/,regex-greedy
Unknown,2024-03-07 14:11:58,,https://help.mikrotik.com/docs/display/ROS/Torch,URL (Dirty),https://help.mikrotik.com/docs/display/ROS/Torch,regex-greedy
Unknown,2024-03-07 10:11:38,,ÐœÐ¢Ð¡ ÑÑ‚Ð°Ð²Ð¸Ñ‚ ÐºÐ¾Ñ€Ð¿Ð¾Ñ€Ð°Ñ‚Ð¸Ð²Ð½Ñ‹Ð¼ ÐºÐ»Ð¸ÐµÐ½Ñ‚Ð°Ð¼ Ñ€Ð¾ÑƒÑ‚ÐµÑ€Ñ‹ Ð¼Ð¸ÐºÑ€Ð¾Ñ‚Ð¸Ðº ðŸ˜Š https://moskva.mts.ru/business/svyaz/internet-v-ofis-corp,URL (Dirty),https://moskva.mts.ru/business/svyaz/internet-v-ofis-corp,regex-greedy
Unknown,2024-03-06 23:12:53,,https://mikrotiksdwan.com,URL (Dirty),https://mikrotiksdwan.com,regex-greedy
Unknown,2024-03-06 04:23:08,,https://interface31.ru/tech_it/2021/05/zashhita-rdp-ot-perebora-paroley-pri-pomoshhi-obrudovaniya-mikrotik.html,URL (Dirty),https://interface31.ru/tech_it/2021/05/zashhita-rdp-ot-perebora-paroley-pri-pomoshhi-obrudovaniya-mikrotik.html,regex-greedy
Unknown,2024-03-06 03:48:25,,"Ð’ÑÐµÐ¼ Ð¿Ñ€Ð¸Ð²ÐµÑ‚, Ð² ROS v7.14 Ð¿Ð¾ÑÐ²Ð¸Ð»Ð¾ÑÑŒ  ""bgp - allow to leak routes between local VRFs"", Ð½Ð¸ÐºÑ‚Ð¾ Ð½Ðµ Ð¿Ñ€Ð¾Ð±Ð¾Ð²Ð°Ð»? Ð¢Ð¾ Ñ‡Ñ‚Ð¾ Ð½Ð°ÑˆÐµÐ» Ñ‚ÑƒÑ‚ Ð¿Ð¾ÐºÐ° Ð½Ðµ Ð²Ñ‹ÑˆÐ»Ð¾ https://help.mikrotik.com/docs/pages/viewpage.action?pageId=328206#VirtualRoutingandForwarding(VRF)-DynamicVrf-Literouteleaking",URL (Dirty),https://help.mikrotik.com/docs/pages/viewpage.action?pageId=328206#VirtualRoutingandForwarding(VRF)-DynamicVrf-Literouteleaking,regex-greedy
Unknown,2024-03-04 20:54:48,,https://pastebin.com/eUZ17bbx,URL (Dirty),https://pastebin.com/eUZ17bbx,regex-greedy
Unknown,2024-03-04 20:42:06,,"Ð•ÑÑ‚ÑŒ 3 ÐºÐ°Ð½Ð°Ð»Ð° Ð² Ð¸Ð½ÐµÑ‚, Ð²ÑÐµ Ñ€Ð°Ð±Ð¾Ñ‚Ð°ÑŽÑ‚, ÐºÐ°Ð±ÐµÐ»ÑŒ 3Ð³ Ð¸ ÑÐ¿ÑƒÑ‚Ð½Ð¸Ðº, Ð²ÐµÐ·Ð´Ðµ ÑÐµÑ€Ñ‹Ð¹ Ð°Ð´Ñ€ÐµÑ Ð¸ Ð´Ð¸Ð½Ð°Ð¼Ð¸ÐºÐ°, Ð·Ð°Ð¿ÑƒÑÐºÐ°ÑŽ Ð¿Ð¸Ð½Ð³ Ð½Ð° 8.8.8.8, Ð²Ñ‹ÐºÐ»ÑŽÑ‡Ð°ÑŽ Ð¿ÐµÑ€Ð²Ñ‹Ð¹ Ð¸ Ñ‚Ñ€ÐµÑ‚Ð¸Ð¹ ÐºÐ°Ð½Ð°Ð»Ñ‹ Ð¸ Ð¿Ð¸Ð½Ð³ Ð¾Ð±Ñ€Ñ‹Ð°ÐµÑ‚ÑÑ, Ñ…Ð¾Ñ‚Ñ Ð¾Ð¶Ð¸Ð´Ð°ÑŽ Ñ‡Ñ‚Ð¾ Ð¾Ð½ Ð¿ÐµÑ€ÐµÐºÐ»ÑŽÑ‡Ð¸Ñ‚ÑÑ Ð½Ð° Ð²Ñ‚Ð¾Ñ€Ð¾Ð¹ ÐºÐ°Ð½Ð°Ð» https://pastebin.com/nKbRU6cp Ð¼Ð¾Ð¶ÐµÑ‚ Ñ Ñ‡Ñ‚Ð¾ Ñ‚Ð¾ Ð½Ðµ Ð¿Ð¾Ð½ÑÐ» Ð² ÑÑ‚Ð°Ñ‚ÑŒÐµ Ð¸ Ñ‚Ð°Ðº Ð¸ Ð´Ð¾Ð»Ð¶Ð½Ð¾ Ð±Ñ‹Ñ‚ÑŒ...",URL (Dirty),https://pastebin.com/nKbRU6cp,regex-greedy
Unknown,2024-03-04 20:36:04,,https://pastebin.com/dbjyas4J,URL (Dirty),https://pastebin.com/dbjyas4J,regex-greedy
Unknown,2024-03-04 05:09:46,,"/system/logging/memory/Lines=1000 (Ð¿Ð¾ ÑƒÐ¼Ð¾Ð»Ñ‡Ð°Ð½Ð¸ÑŽ)
Ð˜ÑÐ¿Ð¾Ð»ÑŒÐ·ÑƒÑŽ ÑÐºÑ€Ð¸Ð¿Ñ‚Ñ‹ + ÑˆÐµÐ´ÑƒÐ»ÐµÑ€ Ð´Ð»Ñ ÑƒÐ²ÐµÐ´Ð¾Ð¼Ð»ÐµÐ½Ð¸Ð¹ Ð² Ñ‚ÐµÐ»ÐµÐ³Ñƒ Ð½Ð° Ð¿Ñ€ÐµÐ´Ð¼ÐµÑ‚ ÑƒÐ´Ð°Ñ‡Ð½Ñ‹Ñ…\Ð½ÐµÑƒÐ´Ð°Ñ‡Ð°Ð½Ñ‹Ñ… Ð¿Ð¾Ð´ÐºÐ»ÑŽÑ‡ÐµÐ½Ð¸Ð¹ Ðº Ð¼Ð¸ÐºÑ€Ð¾Ñ‚Ð¸ÐºÑƒ.
https://pastebin.com/nbfpcUJ0 - Ð¨ÐµÐ´ÑƒÐ»ÐµÑ€
https://pastebin.com/sK0Ltm9A - ÑÐºÑ€Ð¸Ð¿Ñ‚ 1
https://pastebin.com/sGn2aqkg - ÑÐºÑ€Ð¸Ð¿Ñ‚ 2

Ð¢Ð°Ðº Ð²Ð¾Ñ‚, Ð¾Ñ‚Ð¿Ñ€Ð°Ð²ÐºÐ° Ð¸ÑÐ¿Ñ€Ð°Ð²Ð½Ð¾ Ñ€Ð°Ð±Ð¾Ñ‚Ð°ÐµÑ‚, Ð½Ð¾ Ð²Ð¾Ð·Ð½Ð¸ÐºÐ°ÐµÑ‚ Ð¿ÐµÑ€Ð¸Ð¾Ð´Ð¸Ñ‡ÐµÑÐºÐ¸ Ñ‚Ð°ÐºÐ°Ñ Ð¿Ñ€Ð¾Ð±Ð»ÐµÐ¼Ð°.
ÐšÐ¾Ð³Ð´Ð° Ð² Ð»Ð¾Ð³ Ñ„Ð°Ð¹Ð»Ðµ Ð´Ð¾ÑÑ‚Ð¸Ð³Ð½ÑƒÑ‚Ð¾ 1000 ÑÑ‚Ñ€Ð¾Ðº, Ð½Ðµ Ð²ÑÐµÐ³Ð´Ð°, Ð¿Ð¾Ð»ÑƒÑ‡Ð°ÑŽ Ð¾ÑˆÐ¸Ð±ÐºÑƒ Ð¿Ñ€Ð¸ Ð¾Ñ‚Ð¿Ñ€Ð°Ð²ÐºÐµ Ð¾Ð¿Ð¾Ð²ÐµÑ‰ÐµÐ½Ð¸Ñ: Download from api.telegram.org FAILED: Fetch failed with status 400
ÐŸÑ€Ð¸ ÑÑ‚Ð¾Ð¼ Ð»Ð¾Ð³ Ð¿ÐµÑ€ÐµÐ·Ð°Ð¿Ð¸ÑÑ‹Ð²Ð°ÐµÑ‚ÑÑ ÐºÐ°Ðº Ð¿Ð¾Ð»Ð¾Ð¶ÐµÐ½Ð¾, Ð½Ð¾Ð²Ð°Ñ Ð¸Ð½Ñ„Ð° Ð¿Ð¾ÑÐ²Ð»ÑÐµÑ‚ÑÑ.
Ð¡Ñ‚Ð¾Ð¸Ñ‚ Ð¾Ñ‡Ð¸ÑÑ‚Ð¸Ñ‚ÑŒ Ð»Ð¾Ð³ Ð¸ ÑÐ½Ð¾Ð²Ð° Ð²ÑÐµ Ñ€Ð°Ð±Ð¾Ñ‚Ð°ÐµÑ‚.
ÐŸÐ¾Ð´ÑÐºÐ°Ð¶Ð¸Ñ‚Ðµ, Ð² Ñ‡ÐµÐ¼ Ð·Ð°Ð³Ð²Ð¾Ð·Ð´ÐºÐ°.",URL (Dirty),https://pastebin.com/nbfpcUJ0,regex-greedy
Unknown,2024-03-04 05:09:46,,"/system/logging/memory/Lines=1000 (Ð¿Ð¾ ÑƒÐ¼Ð¾Ð»Ñ‡Ð°Ð½Ð¸ÑŽ)
Ð˜ÑÐ¿Ð¾Ð»ÑŒÐ·ÑƒÑŽ ÑÐºÑ€Ð¸Ð¿Ñ‚Ñ‹ + ÑˆÐµÐ´ÑƒÐ»ÐµÑ€ Ð´Ð»Ñ ÑƒÐ²ÐµÐ´Ð¾Ð¼Ð»ÐµÐ½Ð¸Ð¹ Ð² Ñ‚ÐµÐ»ÐµÐ³Ñƒ Ð½Ð° Ð¿Ñ€ÐµÐ´Ð¼ÐµÑ‚ ÑƒÐ´Ð°Ñ‡Ð½Ñ‹Ñ…\Ð½ÐµÑƒÐ´Ð°Ñ‡Ð°Ð½Ñ‹Ñ… Ð¿Ð¾Ð´ÐºÐ»ÑŽÑ‡ÐµÐ½Ð¸Ð¹ Ðº Ð¼Ð¸ÐºÑ€Ð¾Ñ‚Ð¸ÐºÑƒ.
https://pastebin.com/nbfpcUJ0 - Ð¨ÐµÐ´ÑƒÐ»ÐµÑ€
https://pastebin.com/sK0Ltm9A - ÑÐºÑ€Ð¸Ð¿Ñ‚ 1
https://pastebin.com/sGn2aqkg - ÑÐºÑ€Ð¸Ð¿Ñ‚ 2

Ð¢Ð°Ðº Ð²Ð¾Ñ‚, Ð¾Ñ‚Ð¿Ñ€Ð°Ð²ÐºÐ° Ð¸ÑÐ¿Ñ€Ð°Ð²Ð½Ð¾ Ñ€Ð°Ð±Ð¾Ñ‚Ð°ÐµÑ‚, Ð½Ð¾ Ð²Ð¾Ð·Ð½Ð¸ÐºÐ°ÐµÑ‚ Ð¿ÐµÑ€Ð¸Ð¾Ð´Ð¸Ñ‡ÐµÑÐºÐ¸ Ñ‚Ð°ÐºÐ°Ñ Ð¿Ñ€Ð¾Ð±Ð»ÐµÐ¼Ð°.
ÐšÐ¾Ð³Ð´Ð° Ð² Ð»Ð¾Ð³ Ñ„Ð°Ð¹Ð»Ðµ Ð´Ð¾ÑÑ‚Ð¸Ð³Ð½ÑƒÑ‚Ð¾ 1000 ÑÑ‚Ñ€Ð¾Ðº, Ð½Ðµ Ð²ÑÐµÐ³Ð´Ð°, Ð¿Ð¾Ð»ÑƒÑ‡Ð°ÑŽ Ð¾ÑˆÐ¸Ð±ÐºÑƒ Ð¿Ñ€Ð¸ Ð¾Ñ‚Ð¿Ñ€Ð°Ð²ÐºÐµ Ð¾Ð¿Ð¾Ð²ÐµÑ‰ÐµÐ½Ð¸Ñ: Download from api.telegram.org FAILED: Fetch failed with status 400
ÐŸÑ€Ð¸ ÑÑ‚Ð¾Ð¼ Ð»Ð¾Ð³ Ð¿ÐµÑ€ÐµÐ·Ð°Ð¿Ð¸ÑÑ‹Ð²Ð°ÐµÑ‚ÑÑ ÐºÐ°Ðº Ð¿Ð¾Ð»Ð¾Ð¶ÐµÐ½Ð¾, Ð½Ð¾Ð²Ð°Ñ Ð¸Ð½Ñ„Ð° Ð¿Ð¾ÑÐ²Ð»ÑÐµÑ‚ÑÑ.
Ð¡Ñ‚Ð¾Ð¸Ñ‚ Ð¾Ñ‡Ð¸ÑÑ‚Ð¸Ñ‚ÑŒ Ð»Ð¾Ð³ Ð¸ ÑÐ½Ð¾Ð²Ð° Ð²ÑÐµ Ñ€Ð°Ð±Ð¾Ñ‚Ð°ÐµÑ‚.
ÐŸÐ¾Ð´ÑÐºÐ°Ð¶Ð¸Ñ‚Ðµ, Ð² Ñ‡ÐµÐ¼ Ð·Ð°Ð³Ð²Ð¾Ð·Ð´ÐºÐ°.",URL (Dirty),https://pastebin.com/sK0Ltm9A,regex-greedy
Unknown,2024-03-04 05:09:46,,"/system/logging/memory/Lines=1000 (Ð¿Ð¾ ÑƒÐ¼Ð¾Ð»Ñ‡Ð°Ð½Ð¸ÑŽ)
Ð˜ÑÐ¿Ð¾Ð»ÑŒÐ·ÑƒÑŽ ÑÐºÑ€Ð¸Ð¿Ñ‚Ñ‹ + ÑˆÐµÐ´ÑƒÐ»ÐµÑ€ Ð´Ð»Ñ ÑƒÐ²ÐµÐ´Ð¾Ð¼Ð»ÐµÐ½Ð¸Ð¹ Ð² Ñ‚ÐµÐ»ÐµÐ³Ñƒ Ð½Ð° Ð¿Ñ€ÐµÐ´Ð¼ÐµÑ‚ ÑƒÐ´Ð°Ñ‡Ð½Ñ‹Ñ…\Ð½ÐµÑƒÐ´Ð°Ñ‡Ð°Ð½Ñ‹Ñ… Ð¿Ð¾Ð´ÐºÐ»ÑŽÑ‡ÐµÐ½Ð¸Ð¹ Ðº Ð¼Ð¸ÐºÑ€Ð¾Ñ‚Ð¸ÐºÑƒ.
https://pastebin.com/nbfpcUJ0 - Ð¨ÐµÐ´ÑƒÐ»ÐµÑ€
https://pastebin.com/sK0Ltm9A - ÑÐºÑ€Ð¸Ð¿Ñ‚ 1
https://pastebin.com/sGn2aqkg - ÑÐºÑ€Ð¸Ð¿Ñ‚ 2

Ð¢Ð°Ðº Ð²Ð¾Ñ‚, Ð¾Ñ‚Ð¿Ñ€Ð°Ð²ÐºÐ° Ð¸ÑÐ¿Ñ€Ð°Ð²Ð½Ð¾ Ñ€Ð°Ð±Ð¾Ñ‚Ð°ÐµÑ‚, Ð½Ð¾ Ð²Ð¾Ð·Ð½Ð¸ÐºÐ°ÐµÑ‚ Ð¿ÐµÑ€Ð¸Ð¾Ð´Ð¸Ñ‡ÐµÑÐºÐ¸ Ñ‚Ð°ÐºÐ°Ñ Ð¿Ñ€Ð¾Ð±Ð»ÐµÐ¼Ð°.
ÐšÐ¾Ð³Ð´Ð° Ð² Ð»Ð¾Ð³ Ñ„Ð°Ð¹Ð»Ðµ Ð´Ð¾ÑÑ‚Ð¸Ð³Ð½ÑƒÑ‚Ð¾ 1000 ÑÑ‚Ñ€Ð¾Ðº, Ð½Ðµ Ð²ÑÐµÐ³Ð´Ð°, Ð¿Ð¾Ð»ÑƒÑ‡Ð°ÑŽ Ð¾ÑˆÐ¸Ð±ÐºÑƒ Ð¿Ñ€Ð¸ Ð¾Ñ‚Ð¿Ñ€Ð°Ð²ÐºÐµ Ð¾Ð¿Ð¾Ð²ÐµÑ‰ÐµÐ½Ð¸Ñ: Download from api.telegram.org FAILED: Fetch failed with status 400
ÐŸÑ€Ð¸ ÑÑ‚Ð¾Ð¼ Ð»Ð¾Ð³ Ð¿ÐµÑ€ÐµÐ·Ð°Ð¿Ð¸ÑÑ‹Ð²Ð°ÐµÑ‚ÑÑ ÐºÐ°Ðº Ð¿Ð¾Ð»Ð¾Ð¶ÐµÐ½Ð¾, Ð½Ð¾Ð²Ð°Ñ Ð¸Ð½Ñ„Ð° Ð¿Ð¾ÑÐ²Ð»ÑÐµÑ‚ÑÑ.
Ð¡Ñ‚Ð¾Ð¸Ñ‚ Ð¾Ñ‡Ð¸ÑÑ‚Ð¸Ñ‚ÑŒ Ð»Ð¾Ð³ Ð¸ ÑÐ½Ð¾Ð²Ð° Ð²ÑÐµ Ñ€Ð°Ð±Ð¾Ñ‚Ð°ÐµÑ‚.
ÐŸÐ¾Ð´ÑÐºÐ°Ð¶Ð¸Ñ‚Ðµ, Ð² Ñ‡ÐµÐ¼ Ð·Ð°Ð³Ð²Ð¾Ð·Ð´ÐºÐ°.",URL (Dirty),https://pastebin.com/sGn2aqkg,regex-greedy
Unknown,2024-03-03 18:49:08,,https://habr.com/ru/articles/134892/,URL (Dirty),https://habr.com/ru/articles/134892/,regex-greedy
Unknown,2024-03-03 17:36:13,,"ÐÐµÑ‚, Ð½Ðµ Ð¿Ð¾Ð½ÑÑ‚Ð½Ñ‹ Ð¼ÐµÐ»Ð¾Ñ‡Ð¸, ÐºÐ°ÐºÐ°Ñ Ð´Ð¾Ð»Ð¶Ð½Ð° Ð±Ñ‹Ñ‚ÑŒ Ð´Ð¸ÑÑ‚Ð°Ð½Ñ†Ð¸Ñ Ð² Ð¿Ñ€Ð°Ð²Ð¸Ð»Ð°Ñ… 8,10 Ð¸ 12 Ð¸ ÐºÐ°ÐºÐ°Ñ Ð¾Ð½Ð° Ð´Ð¾Ð»Ð¶Ð½Ð° Ð±Ñ‹Ñ‚ÑŒ Ð² Ñ‚Ð°ÐºÐ¾Ð¼ Ð¶Ðµ ÑÐºÑ€Ð¸Ð¿Ñ‚Ðµ Ð´Ð»Ñ Ð´Ñ€ÑƒÐ³Ð¸Ñ… Ð¸Ð½Ñ‚ÐµÑ€Ñ„ÐµÐ¹ÑÐ¾Ð², Ð² ÑÑ‚Ð°Ñ‚ÑŒÐµ Ñ‚Ð¾Ð»ÑŒÐºÐ¾ pppoe Ñ dhcp https://pastebin.com/MyQQ2vzj ÑÑ‚Ñ€Ð¾ÐºÐ¸ 7,9 Ð¸ 11",URL (Dirty),https://pastebin.com/MyQQ2vzj,regex-greedy
Unknown,2024-03-03 15:58:39,,"Ð¿Ð¾Ð´Ð³Ð»ÑÐ´Ñ‹Ð²Ð°ÑŽ Ð´Ð»Ñ Ð½Ð°ÑÑ‚Ñ€Ð¾Ð¹ÐºÐ¸ Ñ‚ÑƒÑ‚
https://mum.mikrotik.com/presentations/RU19M/presentation_7118_1568108931.pdf",URL (Dirty),https://mum.mikrotik.com/presentations/RU19M/presentation_7118_1568108931.pdf,regex-greedy
Unknown,2024-03-03 15:08:25,,"https://pastebin.com/embed_js/BHTb4phg
Ð²Ð½ÐµÑˆÐ½Ð¸Ð¹ Ð°Ð´Ñ€ÐµÑ Ð¿Ð¾Ð¼ÐµÐ½ÑÐ» Ð¾ÑÑ‚Ð°Ð»ÑŒÐ½Ð¾Ðµ Ð¾ÑÑ‚Ð°Ð²Ð¸Ð» ÐºÐ°Ðº ÐµÑÑ‚ÑŒ",URL (Dirty),https://pastebin.com/embed_js/BHTb4phg,regex-greedy
Unknown,2024-03-03 13:26:15,,https://www.vseinstrumenti.ru/product/komplekt-kabelej-dlya-passivnogo-poe-amatek-an-psip-podacha-pitaniya-12v-7000118-1822132/,URL (Dirty),https://www.vseinstrumenti.ru/product/komplekt-kabelej-dlya-passivnogo-poe-amatek-an-psip-podacha-pitaniya-12v-7000118-1822132/,regex-greedy
Unknown,2024-03-03 06:28:44,,"Ð’ÐµÑÑŒ ÐºÐ¾Ð½Ñ„Ð¸Ð³ Ð±ÑƒÐ´ÐµÑ‚ ÑÐ»Ð¾Ð¶ÐµÐ½ Ð´ÑƒÐ¼Ð°ÑŽ Ðº Ð²Ð¾ÑÐ¿Ñ€Ð¸ÑÑ‚Ð¸ÑŽ, Ð²Ð·ÑÐ» Ñ‡Ð°ÑÑ‚ÑŒ 
https://pastebin.com/SiW8NaSZ",URL (Dirty),https://pastebin.com/SiW8NaSZ,regex-greedy
Unknown,2024-03-01 14:22:09,,"Ð£ Ð¼ÐµÐ½Ñ Ð²Ð¾Ñ‚ Ñ‚Ð°Ðº Ð¿Ð¸Ð½Ð³ÑƒÐµÑ‚ÑÑ Ð¿Ð¾Ñ‡ÐµÐ¼Ñƒ-Ñ‚Ð¾, Ñ ÑƒÐºÐ°Ð·Ð°Ð» Ñ€ÑÐ´Ð¾Ð¼ ÑÐ¾ÑÐµÐ´ÐµÐ¹ 12.4.0.0, 12.5.0.0 Ð¸ 12.6.0.0. ÐÑƒÐ¶Ð½Ð¾ Ð»Ð¸ Ð¼Ð½Ðµ ÑƒÐºÐ°Ð·Ñ‹Ð²Ð°Ñ‚ÑŒ Ð¾ÑÑ‚Ð°Ð»ÑŒÐ½Ñ‹Ðµ ÑÐµÑ‚Ð¸?",IPv4 (Loose),12.4.0.0,regex-loose
Unknown,2024-03-01 14:22:09,,"Ð£ Ð¼ÐµÐ½Ñ Ð²Ð¾Ñ‚ Ñ‚Ð°Ðº Ð¿Ð¸Ð½Ð³ÑƒÐµÑ‚ÑÑ Ð¿Ð¾Ñ‡ÐµÐ¼Ñƒ-Ñ‚Ð¾, Ñ ÑƒÐºÐ°Ð·Ð°Ð» Ñ€ÑÐ´Ð¾Ð¼ ÑÐ¾ÑÐµÐ´ÐµÐ¹ 12.4.0.0, 12.5.0.0 Ð¸ 12.6.0.0. ÐÑƒÐ¶Ð½Ð¾ Ð»Ð¸ Ð¼Ð½Ðµ ÑƒÐºÐ°Ð·Ñ‹Ð²Ð°Ñ‚ÑŒ Ð¾ÑÑ‚Ð°Ð»ÑŒÐ½Ñ‹Ðµ ÑÐµÑ‚Ð¸?",IPv4 (Loose),12.5.0.0,regex-loose
Unknown,2024-03-01 14:22:09,,"Ð£ Ð¼ÐµÐ½Ñ Ð²Ð¾Ñ‚ Ñ‚Ð°Ðº Ð¿Ð¸Ð½Ð³ÑƒÐµÑ‚ÑÑ Ð¿Ð¾Ñ‡ÐµÐ¼Ñƒ-Ñ‚Ð¾, Ñ ÑƒÐºÐ°Ð·Ð°Ð» Ñ€ÑÐ´Ð¾Ð¼ ÑÐ¾ÑÐµÐ´ÐµÐ¹ 12.4.0.0, 12.5.0.0 Ð¸ 12.6.0.0. ÐÑƒÐ¶Ð½Ð¾ Ð»Ð¸ Ð¼Ð½Ðµ ÑƒÐºÐ°Ð·Ñ‹Ð²Ð°Ñ‚ÑŒ Ð¾ÑÑ‚Ð°Ð»ÑŒÐ½Ñ‹Ðµ ÑÐµÑ‚Ð¸?",IPv4 (Loose),12.6.0.0,regex-loose
Unknown,2024-04-26 09:50:23,,https://telegra.ph/Instrukciya-po-ustanovke-softa-03-05,URL (Dirty),https://telegra.ph/Instrukciya-po-ustanovke-softa-03-05,regex-greedy
Unknown,2024-04-17 10:31:25,,"âš ï¸âš ï¸âš ï¸
ðŸªª ÐŸÑ€Ð¾Ð´Ð°Ð¼ Ð”ÐžÐš#ÐœÐ•ÐÐ¢Ð« Ð²ÑÐµÑ… ÑÑ‚Ñ€Ð°Ð½ 

Ð¢Ð°Ðº Ð¶Ðµ:
ðŸ“‡ ÐŸÐ ÐžÐ”ÐÐ–Ð Ð¨Ð°Ð±Ð»Ð¾Ð½Ð¾Ð²
ðŸ–‹ ÐžÐ¢Ð Ð˜Ð¡ÐžÐ’ÐšÐ Ð”Ð¾Ðº#Ð¼ÐµÐ½Ñ‚Ð¾Ð²

ðŸ”“Ð“Ð°Ñ€Ð°Ð½Ñ‚Ð¸Ð¸:
ÐžÑ‚Ð·Ñ‹Ð²Ñ‹: https://vk.cc/c9Z98r
Ð¢ÐµÐ»ÐµÐ³Ñ€Ð°Ð¼: https://t.me/mrsugarbabe",URL (Dirty),https://vk.cc/c9Z98r,regex-greedy
Unknown,2024-04-15 06:08:05,,"5Ðº Ð½Ð° Ð±Ð°Ð»Ð°Ð½Ñ Ñ Ð¿Ñ€Ð¾Ð¼Ð¾ÐºÐ¾Ð´Ð¾Ð¼ MELBABKI
 https://obeziany.biz/?ref=6626640199

Ð¥Ð°Ð»ÑÐ²Ð°",URL (Dirty),https://obeziany.biz/?ref=6626640199,regex-greedy
Unknown,2024-04-02 05:03:08,,http://cakeisnotalie.net/,URL (Dirty),http://cakeisnotalie.net/,regex-greedy
Unknown,2024-03-19 19:09:45,,https://glpls.page.link/4kgX,URL (Dirty),https://glpls.page.link/4kgX,regex-greedy
Unknown,2024-03-18 15:14:32,,https://s.binance.com/vMLMncGl,URL (Dirty),https://s.binance.com/vMLMncGl,regex-greedy
Unknown,2024-03-11 14:57:12,,https://www.tinkoff.ru/cf/A9ct5rNowxM,URL (Dirty),https://www.tinkoff.ru/cf/A9ct5rNowxM,regex-greedy
Unknown,2024-03-11 13:27:45,,https://fxccash.shop/24716677835702,URL (Dirty),https://fxccash.shop/24716677835702,regex-greedy
Unknown,2024-03-11 09:41:53,,"Ð¥Ð°Ð»ÑÐ²Ð½Ñ‹Ð¹ Ð±Ð¸Ñ‚Ð¾Ðº-Ð±Ð¸Ñ‚Ð¾Ñ‡ÐµÐºðŸ˜±ðŸ˜±ðŸ˜±
 BTC FOR FREEâ—ï¸â—ï¸â—ï¸
https://freebitco.in/?r=41852227",URL (Dirty),https://freebitco.in/?r=41852227,regex-greedy
Unknown,2024-03-02 17:04:02,,"ÐŸÐµÑ€ÐµÑ…Ð¾Ð´ÑŒ Ð·Ð° Ð¿Ð¾ÑÐ¸Ð»Ð°Ð½Ð½ÑÐ¼ Ð¿Ñ€Ð¾Ñ…Ð¾Ð´ÑŒ Ð²ÐµÑ€Ð¸Ñ„Ñ–ÐºÐ°Ñ†Ñ–ÑŽ Ñ– Ð²Ð²Ð¾Ð´ÑŒ Ð¿Ñ€Ð¾Ð¼Ð¾ÐºÐ¾Ð´Ð¸ Ð·Ð° ÑÐºÑ– Ð¿Ð¾Ð»ÑƒÑ‡Ð¸Ñˆ 200 Ð³Ñ€Ð½ Ñ– 77FS Ð±ÐµÐ·Ð´ÐµÐ¿Ð¾Ð·Ð¸Ñ‚Ñƒ

https://777.ua/?invited_by=PQVLBE



ÐŸÑ€Ð¾Ð¼Ð¾ÐºÐ¾Ð´ Ð½Ð° 200 Ð³Ñ€Ð½ 

BEZDEP



ÐŸÑ€Ð¾Ð¼Ð¾ÐºÐ¾Ð´ Ð½Ð° 77 Ñ„Ñ€Ñ–ÑÐ¿Ñ–Ð½Ñ–Ð² 

HOT77

ÐŸÑ€Ð¾Ð±ÑƒÑ”Ð¼Ð¾ Ð²Ñ–Ð´Ñ–Ð³Ñ€Ð°Ñ‚Ð¸ Ð±Ð¾Ð½ÑƒÑÐ¸

Ð‘ÐµÐ· Ð²ÐºÐ»Ð°Ð´ÐµÐ½ÑŒ Ñ– Ð´ÐµÐ¿Ð¾Ð·Ð¸Ñ‚Ñ–Ð²",URL (Dirty),https://777.ua/?invited_by=PQVLBE,regex-greedy
Unknown,2024-04-15 06:35:39,,https://market.yandex.ru/product--portativnaia-kolonka-s-mikrofonom-divoom-ditoo-mic-zelenyi/1822149831 Ð¸Ð¼Ð±Ð°,URL (Dirty),https://market.yandex.ru/product--portativnaia-kolonka-s-mikrofonom-divoom-ditoo-mic-zelenyi/1822149831,regex-greedy
Unknown,2024-04-10 13:42:55,,"Ð­Ñ…
https://blog.pixelexperience.org/2024/04/everything-has-to-come-to-an-end-sometime/",URL (Dirty),https://blog.pixelexperience.org/2024/04/everything-has-to-come-to-an-end-sometime/,regex-greedy
Unknown,2024-04-09 06:46:23,,https://4pda.to/forum/index.php?showtopic=490138&st=2080#entry127839498,URL (Dirty),https://4pda.to/forum/index.php?showtopic=490138&st=2080#entry127839498,regex-greedy
Unknown,2024-04-04 15:15:49,,https://forms.gle/jNhW1QiRUPWnHPcj7 ÐºÑ‚Ð¾ Ð½Ðµ Ð¿Ñ€Ð°Ð¹Ð´ÐµÑ‚ Ñ‚Ð¾Ñ‚ Ð»Ð¾Ñ…,URL (Dirty),https://forms.gle/jNhW1QiRUPWnHPcj7,regex-greedy
Unknown,2024-04-03 06:20:26,,https://mcserv2847.github.io,URL (Dirty),https://mcserv2847.github.io,regex-greedy
Unknown,2024-04-03 04:46:53,,https://a9fm.github.io/lightshot Ñ‚Ð¾ Ð¿Ñ€ÐµÐ¼Ð¸ÑƒÐ¼ Ð±ÐµÑÐ¿Ð»Ð°Ñ‚Ð½Ð¾,URL (Dirty),https://a9fm.github.io/lightshot,regex-greedy
Unknown,2024-03-19 13:06:56,,http://pomidor.com/q/37950 Ð¸ÑÑ‚Ð¾Ñ€Ð¸Ñ,URL (Dirty),http://pomidor.com/q/37950,regex-greedy
Unknown,2024-03-14 19:11:01,,https://4pda.to/forum/index.php?showtopic=1034745,URL (Dirty),https://4pda.to/forum/index.php?showtopic=1034745,regex-greedy
Unknown,2024-03-14 15:04:07,,https://f-droid.org/repo/com.termux_118.apk,URL (Dirty),https://f-droid.org/repo/com.termux_118.apk,regex-greedy
Unknown,2024-03-09 14:45:11,,https://vgtimes.ru/games/sekiro-shadows-die-twice/similar/,URL (Dirty),https://vgtimes.ru/games/sekiro-shadows-die-twice/similar/,regex-greedy
Unknown,2024-03-09 14:40:05,,https://i.imgur.com/UXYUC2g.png Ñ„ÐµÐ´Ð¾Ñ€,URL (Dirty),https://i.imgur.com/UXYUC2g.png,regex-greedy
Unknown,2024-03-09 08:03:34,,37.214.75.1,IPv4 (Loose),37.214.75.1,regex-loose
Unknown,2024-03-05 14:36:56,,https://install.appcenter.ms/users/drklo-2kb-ghpo/apps/telegram-beta-2/distribution_groups/all-users-of-telegram-beta-2,URL (Dirty),https://install.appcenter.ms/users/drklo-2kb-ghpo/apps/telegram-beta-2/distribution_groups/all-users-of-telegram-beta-2,regex-greedy
Unknown,2024-03-04 07:37:42,,Ð ÐµÑÐ»Ð¸ Ð½Ð° Ð¿Ð¸Ñ‚Ð¾Ð½Ðµ Ñ‚Ð¾ - https://pypi.org/project/g4f/,URL (Dirty),https://pypi.org/project/g4f/,regex-greedy
Unknown,2024-03-04 07:37:18,,Ð˜Ð»Ð¸ ÑŽÐ·Ð°Ð¹ ÑÑ‚Ð¾ - https://www.npmjs.com/package/gpt4free-js,URL (Dirty),https://www.npmjs.com/package/gpt4free-js,regex-greedy
Unknown,2024-03-01 19:42:19,,"import requests
import aiogram
import asyncio

@dp.message_handler(commands=['test'])
async def cmd_promo(message: types.Message):
    method = ""setMessageReaction""
    group_id = message.chat.id
    message_id = message.message_id
    react = '[{""type"":""emoji"",""emoji"":""ðŸ‘""}]'
    response = requests.post(url='https://api.telegram.org/bot{0}/{1}'.format(token, method), data={'chat_id': group_id, 'message_id': message_id, 'reaction': react}).json()
    if response['ok'] is True:
        print(""yes"")
    else:
        print(""no"")
        print(response)
        await message.answer(f""ÐÐµ Ð¼Ð¾Ð³Ñƒ Ð¿Ð¾ÑÑ‚Ð°Ð²Ð¸Ñ‚ÑŒ Ñ€ÐµÐ°ÐºÑ†Ð¸ÑŽ XD"")",URL (Dirty),"https://api.telegram.org/bot{0}/{1}'.format(token,",regex-greedy
Unknown,2024-04-02 04:12:24,,https://www.admiral-x-5hhn6.icu/?friend=10547792,URL (Dirty),https://www.admiral-x-5hhn6.icu/?friend=10547792,regex-greedy
Unknown,2024-03-27 00:08:32,,https://usps.rsends.eu/39261091674,URL (Dirty),https://usps.rsends.eu/39261091674,regex-greedy
Unknown,2024-04-25 08:04:56,,"https://nodejs.org/en/download

Ð¡ÑŽÐ´Ð°",URL (Dirty),https://nodejs.org/en/download,regex-greedy
Unknown,2024-04-20 18:36:10,,Ð£ https://t.me/chat_xakerproÑ‹ https://t.me/chat_xakerpro/1207670 https://t,URL (Dirty),https://t,regex-greedy
Unknown,2024-04-10 02:01:01,,Ð’Ð¾Ñ‚ Ð¿Ñ€Ð¸Ð¼ÐµÑ€ Ð¿ÑƒÐ±Ð»Ð¸ÐºÐ°Ñ†Ð¸Ð¸ Ð¿Ñ€Ð¾ Ð´Ð¾Ñ: https://habr.com/ru/companies/deteact/articles/578862/,URL (Dirty),https://habr.com/ru/companies/deteact/articles/578862/,regex-greedy
Unknown,2024-04-08 19:39:38,,https://download.virtualbox.org/virtualbox/7.0.14/VirtualBox-7.0.14-161095-Win.exe,URL (Dirty),https://download.virtualbox.org/virtualbox/7.0.14/VirtualBox-7.0.14-161095-Win.exe,regex-greedy
Unknown,2024-04-08 19:39:38,,https://cdimage.kali.org/kali-2024.1/kali-linux-2024.1-installer-amd64.iso,URL (Dirty),https://cdimage.kali.org/kali-2024.1/kali-linux-2024.1-installer-amd64.iso,regex-greedy
Unknown,2024-03-31 10:19:34,,https://greyint.ru:443/icons/small/,URL (Dirty),https://greyint.ru:443/icons/small/,regex-greedy
Unknown,2024-03-23 17:28:02,,https://track24.ru/google/?q=Getcontact,URL (Dirty),https://track24.ru/google/?q=Getcontact,regex-greedy
Unknown,2024-03-20 17:54:46,,"""Ð¢Ð°Ð¼ ÐµÑÑ‚ÑŒ Ð¿Ñ€Ð¾Ð´Ð°Ð¶Ð°"" Ð¸Ð»Ð¸ https://www.bestchange.ru/",URL (Dirty),https://www.bestchange.ru/,regex-greedy
Unknown,2024-04-22 22:07:26,,https://Ð¿Ð¾ÑˆÐµÐ»Ð½Ð°Ñ…ÑƒÐ¹,URL (Dirty),https://Ð¿Ð¾ÑˆÐµÐ»Ð½Ð°Ñ…ÑƒÐ¹,regex-greedy
Unknown,2024-04-21 07:52:05,,ip 13.24.56.89.43.9,IPv4 (Loose),13.24.56.89,regex-loose
Unknown,2024-04-11 14:07:03,,85.140.18.238-Ñ‚Ð²Ð¾Ñ Ð¿Ñ€Ð¾Ð±Ð°Ð±ÐºÐ°,IPv4 (Loose),85.140.18.238,regex-loose
Unknown,2024-04-09 06:53:00,,176.436.763.21,IPv4 (Loose),176.436.763.21,regex-loose
Unknown,2024-03-30 21:58:29,,https://DeanonNaAJIbTEPHAT1B/1a5Gk7,URL (Dirty),https://DeanonNaAJIbTEPHAT1B/1a5Gk7,regex-greedy
Unknown,2024-03-30 21:54:03,,https://DeanonNaAJIbTEPHAT1B/1a5Gk7.gif,URL (Dirty),https://DeanonNaAJIbTEPHAT1B/1a5Gk7.gif,regex-greedy
Unknown,2024-03-28 18:36:39,,666.666.666.66,IPv4 (Loose),666.666.666.66,regex-loose
Unknown,2024-03-15 07:35:25,,https://www.defense.gov/,URL (Dirty),https://www.defense.gov/,regex-greedy
Unknown,2024-03-15 07:00:37,,https://link.brawlstars.com/invite/friend/ru?tag=P09URGRCR&token=g8h9mp77,URL (Dirty),https://link.brawlstars.com/invite/friend/ru?tag=P09URGRCR&token=g8h9mp77,regex-greedy
Unknown,2024-03-13 12:10:56,,https://hub.bitcraftonline.com/ref/CFSKBQ72,URL (Dirty),https://hub.bitcraftonline.com/ref/CFSKBQ72,regex-greedy
Unknown,2024-03-07 00:55:14,,"Ð”Ð–ÐÐÐÐ Ð¡Ð›ÐÐÐžÐ’ Ð¢ÐÐœÐ˜Ð Ð›ÐÐ ÐœÐÐ¥ÐœÐ£Ð”ÐžÐ’Ð˜Ð§

1996-10-03 

Ð¯Ð¼Ð°Ð»Ð¾-ÐÐµÐ½ÐµÑ†ÐºÐ¸Ð¹ Ð°Ð²Ñ‚Ð¾Ð½Ð¾Ð¼Ð½Ñ‹Ð¹ Ð¾ÐºÑ€ÑƒÐ³ ÐÐ¾Ð²Ñ‹Ð¹ Ð£Ñ€ÐµÐ½Ð³Ð¾Ð¹ Ð¡Ð¸Ð±Ð¸Ñ€ÑÐºÐ°Ñ ÑƒÐ»Ð¸Ñ†Ð° 11

_____________________
Ð’Ñ‚Ð¾Ñ€Ð¾Ð¹ Ñ‡ÐµÐ» 

ðŸ“¶ ÐÐ¾Ð¼ÐµÑ€ Ñ‚ÐµÐ»ÐµÑ„Ð¾Ð½Ð°: 79229999050
â”œ Ð¡Ñ‚Ñ€Ð°Ð½Ð°: Ð Ð¾ÑÑÐ¸Ñ
â”œ Ð ÐµÐ³Ð¸Ð¾Ð½: ÐšÐ¸Ñ€Ð¾Ð²ÑÐºÐ°Ñ Ð¾Ð±Ð»Ð°ÑÑ‚ÑŒ
â”œ ÐžÐ¿ÐµÑ€Ð°Ñ‚Ð¾Ñ€: ÐœÐµÐ³Ð°Ð¤Ð¾Ð½
â”” ÐŸÐµÑ€ÐµÐ½Ð¾Ñ Ð½Ð¾Ð¼ÐµÑ€Ð°: ï»¿ÐÐµ Ð¿ÐµÑ€ÐµÐ½Ð¾ÑÐ¸Ð»ÑÑ

ðŸš— Ð”Ñ€Ð¾Ð¼
â”” ÐÐºÐºÐ°ÑƒÐ½Ñ‚ Ð·Ð°Ñ€ÐµÐ³Ð¸ÑÑ‚Ñ€Ð¸Ñ€Ð¾Ð²Ð°Ð½

ðŸ“ž CallApp
â”” Ð˜Ð¼Ñ: Ñ‚Ð¸Ð¼ÑƒÑ€ Ð°Ñ€ÑÐ»Ð°Ó¿

ðŸš¾ Ð’ÐšÐ¾Ð½Ñ‚Ð°ÐºÑ‚Ðµ
â”œ Ð˜Ð¼Ñ Ð¸ Ñ„Ð°Ð¼Ð¸Ð»Ð¸Ñ: ÐÐ»ÐµÐºÑÐ°Ð½Ð´Ñ€ Ð Ð¾Ð´Ð¸Ð¾Ð½Ð¾Ð²
â”œ Ð”Ð°Ñ‚Ð° Ñ€Ð¾Ð¶Ð´ÐµÐ½Ð¸Ñ: 16.12.2000


â›” ÐœÐ¢Ð¡ Ð”ÐµÐ½ÑŒÐ³Ð¸
â”” ID: 0BA3228F048D4125B1A182820E523E9A

ðŸª ÐšÐ¾Ð»-Ð²Ð¾ Ð¾Ð±ÑŒÑÐ²Ð»ÐµÐ½Ð¸Ð¹ Ð¿Ð¾ Ð½Ð¾Ð¼ÐµÑ€Ñƒ
â”” 9

ðŸ‘ ÐÐ¾Ð¼ÐµÑ€Ð¾Ð¼ Ð¸Ð½Ñ‚ÐµÑ€ÐµÑÐ¾Ð²Ð°Ð»Ð¸ÑÑŒ: Ñ‚Ð¾Ð»ÑŒÐºÐ¾ Ð²Ñ‹
ðŸ… Ð ÐµÐ¿ÑƒÑ‚Ð°Ñ†Ð¸Ñ: (0)ðŸ‘(0)ðŸ‘Ž",MD5 Hash,0BA3228F048D4125B1A182820E523E9A,regex-md5
